,State,Condition Group,Condition,ICD10_codes,Age Group,Number of COVID-19 Deaths
28,AK,Alzheimer disease,Alzheimer disease,G30,55-64,0.0
173,AL,Alzheimer disease,Alzheimer disease,G30,65-74,0.0
174,AL,Alzheimer disease,Alzheimer disease,G30,75-84,15.0
175,AL,Alzheimer disease,Alzheimer disease,G30,85+,16.0
323,AR,Alzheimer disease,Alzheimer disease,G30,65-74,0.0
324,AR,Alzheimer disease,Alzheimer disease,G30,75-84,0.0
325,AR,Alzheimer disease,Alzheimer disease,G30,85+,12.0
494,AZ,Alzheimer disease,Alzheimer disease,G30,65-74,0.0
495,AZ,Alzheimer disease,Alzheimer disease,G30,75-84,22.0
496,AZ,Alzheimer disease,Alzheimer disease,G30,85+,59.0
680,CA,Alzheimer disease,Alzheimer disease,G30,55-64,0.0
681,CA,Alzheimer disease,Alzheimer disease,G30,65-74,19.0
682,CA,Alzheimer disease,Alzheimer disease,G30,75-84,100.0
683,CA,Alzheimer disease,Alzheimer disease,G30,85+,257.0
856,CO,Alzheimer disease,Alzheimer disease,G30,65-74,0.0
857,CO,Alzheimer disease,Alzheimer disease,G30,75-84,33.0
858,CO,Alzheimer disease,Alzheimer disease,G30,85+,62.0
1031,CT,Alzheimer disease,Alzheimer disease,G30,55-64,0.0
1032,CT,Alzheimer disease,Alzheimer disease,G30,65-74,0.0
1033,CT,Alzheimer disease,Alzheimer disease,G30,75-84,31.0
1034,CT,Alzheimer disease,Alzheimer disease,G30,85+,79.0
1167,DC,Alzheimer disease,Alzheimer disease,G30,75-84,0.0
1168,DC,Alzheimer disease,Alzheimer disease,G30,85+,0.0
1296,DE,Alzheimer disease,Alzheimer disease,G30,75-84,0.0
1297,DE,Alzheimer disease,Alzheimer disease,G30,85+,0.0
1460,FL,Alzheimer disease,Alzheimer disease,G30,55-64,0.0
1461,FL,Alzheimer disease,Alzheimer disease,G30,65-74,0.0
1462,FL,Alzheimer disease,Alzheimer disease,G30,75-84,46.0
1463,FL,Alzheimer disease,Alzheimer disease,G30,85+,83.0
1639,GA,Alzheimer disease,Alzheimer disease,G30,65-74,11.0
1640,GA,Alzheimer disease,Alzheimer disease,G30,75-84,31.0
1641,GA,Alzheimer disease,Alzheimer disease,G30,85+,58.0
1862,IA,Alzheimer disease,Alzheimer disease,G30,65-74,0.0
1863,IA,Alzheimer disease,Alzheimer disease,G30,75-84,0.0
1864,IA,Alzheimer disease,Alzheimer disease,G30,85+,25.0
1967,ID,Alzheimer disease,Alzheimer disease,G30,65-74,0.0
1968,ID,Alzheimer disease,Alzheimer disease,G30,75-84,0.0
1969,ID,Alzheimer disease,Alzheimer disease,G30,85+,0.0
2125,IL,Alzheimer disease,Alzheimer disease,G30,65-74,0.0
2126,IL,Alzheimer disease,Alzheimer disease,G30,75-84,48.0
2127,IL,Alzheimer disease,Alzheimer disease,G30,85+,86.0
2298,IN,Alzheimer disease,Alzheimer disease,G30,55-64,0.0
2299,IN,Alzheimer disease,Alzheimer disease,G30,65-74,17.0
2300,IN,Alzheimer disease,Alzheimer disease,G30,75-84,52.0
2301,IN,Alzheimer disease,Alzheimer disease,G30,85+,118.0
2448,KS,Alzheimer disease,Alzheimer disease,G30,65-74,0.0
2449,KS,Alzheimer disease,Alzheimer disease,G30,75-84,0.0
2450,KS,Alzheimer disease,Alzheimer disease,G30,85+,0.0
2589,KY,Alzheimer disease,Alzheimer disease,G30,65-74,0.0
2590,KY,Alzheimer disease,Alzheimer disease,G30,75-84,0.0
2591,KY,Alzheimer disease,Alzheimer disease,G30,85+,18.0
2766,LA,Alzheimer disease,Alzheimer disease,G30,45-54,0.0
2767,LA,Alzheimer disease,Alzheimer disease,G30,55-64,0.0
2768,LA,Alzheimer disease,Alzheimer disease,G30,65-74,0.0
2769,LA,Alzheimer disease,Alzheimer disease,G30,75-84,30.0
2770,LA,Alzheimer disease,Alzheimer disease,G30,85+,78.0
2946,MA,Alzheimer disease,Alzheimer disease,G30,55-64,0.0
2947,MA,Alzheimer disease,Alzheimer disease,G30,65-74,19.0
2948,MA,Alzheimer disease,Alzheimer disease,G30,75-84,68.0
2949,MA,Alzheimer disease,Alzheimer disease,G30,85+,166.0
3131,MD,Alzheimer disease,Alzheimer disease,G30,65-74,0.0
3132,MD,Alzheimer disease,Alzheimer disease,G30,75-84,22.0
3133,MD,Alzheimer disease,Alzheimer disease,G30,85+,41.0
3244,ME,Alzheimer disease,Alzheimer disease,G30,85+,0.0
3405,MI,Alzheimer disease,Alzheimer disease,G30,55-64,0.0
3406,MI,Alzheimer disease,Alzheimer disease,G30,65-74,0.0
3407,MI,Alzheimer disease,Alzheimer disease,G30,75-84,35.0
3408,MI,Alzheimer disease,Alzheimer disease,G30,85+,102.0
3564,MN,Alzheimer disease,Alzheimer disease,G30,55-64,0.0
3565,MN,Alzheimer disease,Alzheimer disease,G30,65-74,0.0
3566,MN,Alzheimer disease,Alzheimer disease,G30,75-84,40.0
3567,MN,Alzheimer disease,Alzheimer disease,G30,85+,111.0
3716,MO,Alzheimer disease,Alzheimer disease,G30,65-74,0.0
3717,MO,Alzheimer disease,Alzheimer disease,G30,75-84,20.0
3718,MO,Alzheimer disease,Alzheimer disease,G30,85+,43.0
3901,MS,Alzheimer disease,Alzheimer disease,G30,55-64,0.0
3902,MS,Alzheimer disease,Alzheimer disease,G30,65-74,0.0
3903,MS,Alzheimer disease,Alzheimer disease,G30,75-84,16.0
3904,MS,Alzheimer disease,Alzheimer disease,G30,85+,24.0
4134,NC,Alzheimer disease,Alzheimer disease,G30,65-74,0.0
4135,NC,Alzheimer disease,Alzheimer disease,G30,75-84,13.0
4136,NC,Alzheimer disease,Alzheimer disease,G30,85+,23.0
4250,ND,Alzheimer disease,Alzheimer disease,G30,75-84,0.0
4251,ND,Alzheimer disease,Alzheimer disease,G30,85+,0.0
4385,NE,Alzheimer disease,Alzheimer disease,G30,55-64,0.0
4386,NE,Alzheimer disease,Alzheimer disease,G30,65-74,0.0
4387,NE,Alzheimer disease,Alzheimer disease,G30,75-84,0.0
4388,NE,Alzheimer disease,Alzheimer disease,G30,85+,0.0
4514,NH,Alzheimer disease,Alzheimer disease,G30,65-74,0.0
4515,NH,Alzheimer disease,Alzheimer disease,G30,75-84,0.0
4516,NH,Alzheimer disease,Alzheimer disease,G30,85+,0.0
4695,NJ,Alzheimer disease,Alzheimer disease,G30,55-64,0.0
4696,NJ,Alzheimer disease,Alzheimer disease,G30,65-74,15.0
4697,NJ,Alzheimer disease,Alzheimer disease,G30,75-84,95.0
4698,NJ,Alzheimer disease,Alzheimer disease,G30,85+,210.0
4858,NM,Alzheimer disease,Alzheimer disease,G30,65-74,0.0
4859,NM,Alzheimer disease,Alzheimer disease,G30,75-84,0.0
4860,NM,Alzheimer disease,Alzheimer disease,G30,85+,0.0
5005,NV,Alzheimer disease,Alzheimer disease,G30,55-64,0.0
5006,NV,Alzheimer disease,Alzheimer disease,G30,65-74,0.0
5007,NV,Alzheimer disease,Alzheimer disease,G30,75-84,0.0
5008,NV,Alzheimer disease,Alzheimer disease,G30,85+,0.0
5196,NY,Alzheimer disease,Alzheimer disease,G30,55-64,0.0
5197,NY,Alzheimer disease,Alzheimer disease,G30,65-74,13.0
5198,NY,Alzheimer disease,Alzheimer disease,G30,75-84,66.0
5199,NY,Alzheimer disease,Alzheimer disease,G30,85+,136.0
5368,OH,Alzheimer disease,Alzheimer disease,G30,65-74,0.0
5369,OH,Alzheimer disease,Alzheimer disease,G30,75-84,26.0
5370,OH,Alzheimer disease,Alzheimer disease,G30,85+,78.0
5522,OK,Alzheimer disease,Alzheimer disease,G30,65-74,0.0
5523,OK,Alzheimer disease,Alzheimer disease,G30,75-84,0.0
5524,OK,Alzheimer disease,Alzheimer disease,G30,85+,12.0
5661,OR,Alzheimer disease,Alzheimer disease,G30,75-84,0.0
5662,OR,Alzheimer disease,Alzheimer disease,G30,85+,0.0
5835,PA,Alzheimer disease,Alzheimer disease,G30,55-64,0.0
5836,PA,Alzheimer disease,Alzheimer disease,G30,65-74,22.0
5837,PA,Alzheimer disease,Alzheimer disease,G30,75-84,58.0
5838,PA,Alzheimer disease,Alzheimer disease,G30,85+,190.0
5971,PR,Alzheimer disease,Alzheimer disease,G30,75-84,0.0
5972,PR,Alzheimer disease,Alzheimer disease,G30,85+,0.0
6112,RI,Alzheimer disease,Alzheimer disease,G30,55-64,0.0
6113,RI,Alzheimer disease,Alzheimer disease,G30,65-74,0.0
6114,RI,Alzheimer disease,Alzheimer disease,G30,75-84,22.0
6115,RI,Alzheimer disease,Alzheimer disease,G30,85+,38.0
6273,SC,Alzheimer disease,Alzheimer disease,G30,75-84,10.0
6274,SC,Alzheimer disease,Alzheimer disease,G30,85+,12.0
6399,SD,Alzheimer disease,Alzheimer disease,G30,75-84,0.0
6400,SD,Alzheimer disease,Alzheimer disease,G30,85+,0.0
6552,TN,Alzheimer disease,Alzheimer disease,G30,65-74,0.0
6553,TN,Alzheimer disease,Alzheimer disease,G30,75-84,0.0
6554,TN,Alzheimer disease,Alzheimer disease,G30,85+,0.0
6732,TX,Alzheimer disease,Alzheimer disease,G30,65-74,0.0
6733,TX,Alzheimer disease,Alzheimer disease,G30,75-84,32.0
6734,TX,Alzheimer disease,Alzheimer disease,G30,85+,62.0
7102,UT,Alzheimer disease,Alzheimer disease,G30,65-74,0.0
7103,UT,Alzheimer disease,Alzheimer disease,G30,75-84,0.0
7104,UT,Alzheimer disease,Alzheimer disease,G30,85+,0.0
7254,VA,Alzheimer disease,Alzheimer disease,G30,65-74,0.0
7255,VA,Alzheimer disease,Alzheimer disease,G30,75-84,21.0
7256,VA,Alzheimer disease,Alzheimer disease,G30,85+,29.0
7360,VT,Alzheimer disease,Alzheimer disease,G30,65-74,0.0
7361,VT,Alzheimer disease,Alzheimer disease,G30,85+,0.0
7513,WA,Alzheimer disease,Alzheimer disease,G30,45-54,0.0
7514,WA,Alzheimer disease,Alzheimer disease,G30,65-74,0.0
7515,WA,Alzheimer disease,Alzheimer disease,G30,75-84,30.0
7516,WA,Alzheimer disease,Alzheimer disease,G30,85+,72.0
7667,WI,Alzheimer disease,Alzheimer disease,G30,65-74,0.0
7668,WI,Alzheimer disease,Alzheimer disease,G30,75-84,10.0
7669,WI,Alzheimer disease,Alzheimer disease,G30,85+,16.0
7777,WV,Alzheimer disease,Alzheimer disease,G30,65-74,0.0
7778,WV,Alzheimer disease,Alzheimer disease,G30,75-84,0.0
7779,WV,Alzheimer disease,Alzheimer disease,G30,85+,0.0
7845,WY,Alzheimer disease,Alzheimer disease,G30,85+,0.0
