,State,Condition Group,Condition,ICD10_codes,Age Group,Number of COVID-19 Deaths
39,AK,Coronavirus Disease 2019,COVID-19,U071,25-34,0.0
40,AK,Coronavirus Disease 2019,COVID-19,U071,45-54,0.0
41,AK,Coronavirus Disease 2019,COVID-19,U071,55-64,0.0
42,AK,Coronavirus Disease 2019,COVID-19,U071,65-74,0.0
43,AK,Coronavirus Disease 2019,COVID-19,U071,75-84,0.0
44,AK,Coronavirus Disease 2019,COVID-19,U071,85+,0.0
203,AL,Coronavirus Disease 2019,COVID-19,U071,25-34,11.0
204,AL,Coronavirus Disease 2019,COVID-19,U071,35-44,23.0
205,AL,Coronavirus Disease 2019,COVID-19,U071,45-54,77.0
206,AL,Coronavirus Disease 2019,COVID-19,U071,55-64,152.0
207,AL,Coronavirus Disease 2019,COVID-19,U071,65-74,270.0
208,AL,Coronavirus Disease 2019,COVID-19,U071,75-84,281.0
209,AL,Coronavirus Disease 2019,COVID-19,U071,85+,258.0
349,AR,Coronavirus Disease 2019,COVID-19,U071,0-24,0.0
350,AR,Coronavirus Disease 2019,COVID-19,U071,25-34,0.0
351,AR,Coronavirus Disease 2019,COVID-19,U071,35-44,0.0
352,AR,Coronavirus Disease 2019,COVID-19,U071,45-54,21.0
353,AR,Coronavirus Disease 2019,COVID-19,U071,55-64,40.0
354,AR,Coronavirus Disease 2019,COVID-19,U071,65-74,50.0
355,AR,Coronavirus Disease 2019,COVID-19,U071,75-84,76.0
356,AR,Coronavirus Disease 2019,COVID-19,U071,85+,90.0
528,AZ,Coronavirus Disease 2019,COVID-19,U071,0-24,0.0
529,AZ,Coronavirus Disease 2019,COVID-19,U071,25-34,33.0
530,AZ,Coronavirus Disease 2019,COVID-19,U071,35-44,59.0
531,AZ,Coronavirus Disease 2019,COVID-19,U071,45-54,123.0
532,AZ,Coronavirus Disease 2019,COVID-19,U071,55-64,281.0
533,AZ,Coronavirus Disease 2019,COVID-19,U071,65-74,393.0
534,AZ,Coronavirus Disease 2019,COVID-19,U071,75-84,539.0
535,AZ,Coronavirus Disease 2019,COVID-19,U071,85+,543.0
718,CA,Coronavirus Disease 2019,COVID-19,U071,0-24,10.0
719,CA,Coronavirus Disease 2019,COVID-19,U071,25-34,57.0
720,CA,Coronavirus Disease 2019,COVID-19,U071,35-44,160.0
721,CA,Coronavirus Disease 2019,COVID-19,U071,45-54,401.0
722,CA,Coronavirus Disease 2019,COVID-19,U071,55-64,821.0
723,CA,Coronavirus Disease 2019,COVID-19,U071,65-74,1259.0
724,CA,Coronavirus Disease 2019,COVID-19,U071,75-84,1530.0
725,CA,Coronavirus Disease 2019,COVID-19,U071,85+,1913.0
890,CO,Coronavirus Disease 2019,COVID-19,U071,0-24,0.0
891,CO,Coronavirus Disease 2019,COVID-19,U071,25-34,0.0
892,CO,Coronavirus Disease 2019,COVID-19,U071,35-44,18.0
893,CO,Coronavirus Disease 2019,COVID-19,U071,45-54,67.0
894,CO,Coronavirus Disease 2019,COVID-19,U071,55-64,142.0
895,CO,Coronavirus Disease 2019,COVID-19,U071,65-74,294.0
896,CO,Coronavirus Disease 2019,COVID-19,U071,75-84,427.0
897,CO,Coronavirus Disease 2019,COVID-19,U071,85+,565.0
1065,CT,Coronavirus Disease 2019,COVID-19,U071,0-24,0.0
1066,CT,Coronavirus Disease 2019,COVID-19,U071,25-34,13.0
1067,CT,Coronavirus Disease 2019,COVID-19,U071,35-44,25.0
1068,CT,Coronavirus Disease 2019,COVID-19,U071,45-54,89.0
1069,CT,Coronavirus Disease 2019,COVID-19,U071,55-64,307.0
1070,CT,Coronavirus Disease 2019,COVID-19,U071,65-74,645.0
1071,CT,Coronavirus Disease 2019,COVID-19,U071,75-84,971.0
1072,CT,Coronavirus Disease 2019,COVID-19,U071,85+,1645.0
1194,DC,Coronavirus Disease 2019,COVID-19,U071,0-24,0.0
1195,DC,Coronavirus Disease 2019,COVID-19,U071,25-34,0.0
1196,DC,Coronavirus Disease 2019,COVID-19,U071,35-44,18.0
1197,DC,Coronavirus Disease 2019,COVID-19,U071,45-54,55.0
1198,DC,Coronavirus Disease 2019,COVID-19,U071,55-64,97.0
1199,DC,Coronavirus Disease 2019,COVID-19,U071,65-74,169.0
1200,DC,Coronavirus Disease 2019,COVID-19,U071,75-84,125.0
1201,DC,Coronavirus Disease 2019,COVID-19,U071,85+,124.0
1323,DE,Coronavirus Disease 2019,COVID-19,U071,0-24,0.0
1324,DE,Coronavirus Disease 2019,COVID-19,U071,25-34,0.0
1325,DE,Coronavirus Disease 2019,COVID-19,U071,35-44,0.0
1326,DE,Coronavirus Disease 2019,COVID-19,U071,45-54,23.0
1327,DE,Coronavirus Disease 2019,COVID-19,U071,55-64,43.0
1328,DE,Coronavirus Disease 2019,COVID-19,U071,65-74,95.0
1329,DE,Coronavirus Disease 2019,COVID-19,U071,75-84,114.0
1330,DE,Coronavirus Disease 2019,COVID-19,U071,85+,171.0
1495,FL,Coronavirus Disease 2019,COVID-19,U071,0-24,0.0
1496,FL,Coronavirus Disease 2019,COVID-19,U071,25-34,23.0
1497,FL,Coronavirus Disease 2019,COVID-19,U071,35-44,76.0
1498,FL,Coronavirus Disease 2019,COVID-19,U071,45-54,158.0
1499,FL,Coronavirus Disease 2019,COVID-19,U071,55-64,346.0
1500,FL,Coronavirus Disease 2019,COVID-19,U071,65-74,751.0
1501,FL,Coronavirus Disease 2019,COVID-19,U071,75-84,1025.0
1502,FL,Coronavirus Disease 2019,COVID-19,U071,85+,1225.0
1673,GA,Coronavirus Disease 2019,COVID-19,U071,0-24,0.0
1674,GA,Coronavirus Disease 2019,COVID-19,U071,25-34,29.0
1675,GA,Coronavirus Disease 2019,COVID-19,U071,35-44,38.0
1676,GA,Coronavirus Disease 2019,COVID-19,U071,45-54,143.0
1677,GA,Coronavirus Disease 2019,COVID-19,U071,55-64,301.0
1678,GA,Coronavirus Disease 2019,COVID-19,U071,65-74,539.0
1679,GA,Coronavirus Disease 2019,COVID-19,U071,75-84,663.0
1680,GA,Coronavirus Disease 2019,COVID-19,U071,85+,595.0
1738,HI,Coronavirus Disease 2019,COVID-19,U071,45-54,0.0
1739,HI,Coronavirus Disease 2019,COVID-19,U071,55-64,0.0
1740,HI,Coronavirus Disease 2019,COVID-19,U071,65-74,0.0
1741,HI,Coronavirus Disease 2019,COVID-19,U071,75-84,0.0
1742,HI,Coronavirus Disease 2019,COVID-19,U071,85+,0.0
1893,IA,Coronavirus Disease 2019,COVID-19,U071,0-24,0.0
1894,IA,Coronavirus Disease 2019,COVID-19,U071,25-34,0.0
1895,IA,Coronavirus Disease 2019,COVID-19,U071,35-44,0.0
1896,IA,Coronavirus Disease 2019,COVID-19,U071,45-54,32.0
1897,IA,Coronavirus Disease 2019,COVID-19,U071,55-64,92.0
1898,IA,Coronavirus Disease 2019,COVID-19,U071,65-74,155.0
1899,IA,Coronavirus Disease 2019,COVID-19,U071,75-84,159.0
1900,IA,Coronavirus Disease 2019,COVID-19,U071,85+,244.0
1985,ID,Coronavirus Disease 2019,COVID-19,U071,55-64,0.0
1986,ID,Coronavirus Disease 2019,COVID-19,U071,65-74,21.0
1987,ID,Coronavirus Disease 2019,COVID-19,U071,75-84,32.0
1988,ID,Coronavirus Disease 2019,COVID-19,U071,85+,42.0
2161,IL,Coronavirus Disease 2019,COVID-19,U071,0-24,15.0
2162,IL,Coronavirus Disease 2019,COVID-19,U071,25-34,55.0
2163,IL,Coronavirus Disease 2019,COVID-19,U071,35-44,145.0
2164,IL,Coronavirus Disease 2019,COVID-19,U071,45-54,352.0
2165,IL,Coronavirus Disease 2019,COVID-19,U071,55-64,792.0
2166,IL,Coronavirus Disease 2019,COVID-19,U071,65-74,1297.0
2167,IL,Coronavirus Disease 2019,COVID-19,U071,75-84,1517.0
2168,IL,Coronavirus Disease 2019,COVID-19,U071,85+,1865.0
2333,IN,Coronavirus Disease 2019,COVID-19,U071,0-24,0.0
2334,IN,Coronavirus Disease 2019,COVID-19,U071,25-34,10.0
2335,IN,Coronavirus Disease 2019,COVID-19,U071,35-44,27.0
2336,IN,Coronavirus Disease 2019,COVID-19,U071,45-54,70.0
2337,IN,Coronavirus Disease 2019,COVID-19,U071,55-64,247.0
2338,IN,Coronavirus Disease 2019,COVID-19,U071,65-74,534.0
2339,IN,Coronavirus Disease 2019,COVID-19,U071,75-84,715.0
2340,IN,Coronavirus Disease 2019,COVID-19,U071,85+,887.0
2474,KS,Coronavirus Disease 2019,COVID-19,U071,25-34,0.0
2475,KS,Coronavirus Disease 2019,COVID-19,U071,35-44,0.0
2476,KS,Coronavirus Disease 2019,COVID-19,U071,45-54,16.0
2477,KS,Coronavirus Disease 2019,COVID-19,U071,55-64,42.0
2478,KS,Coronavirus Disease 2019,COVID-19,U071,65-74,51.0
2479,KS,Coronavirus Disease 2019,COVID-19,U071,75-84,64.0
2480,KS,Coronavirus Disease 2019,COVID-19,U071,85+,100.0
2617,KY,Coronavirus Disease 2019,COVID-19,U071,25-34,0.0
2618,KY,Coronavirus Disease 2019,COVID-19,U071,35-44,0.0
2619,KY,Coronavirus Disease 2019,COVID-19,U071,45-54,19.0
2620,KY,Coronavirus Disease 2019,COVID-19,U071,55-64,64.0
2621,KY,Coronavirus Disease 2019,COVID-19,U071,65-74,127.0
2622,KY,Coronavirus Disease 2019,COVID-19,U071,75-84,152.0
2623,KY,Coronavirus Disease 2019,COVID-19,U071,85+,215.0
2803,LA,Coronavirus Disease 2019,COVID-19,U071,0-24,0.0
2804,LA,Coronavirus Disease 2019,COVID-19,U071,25-34,22.0
2805,LA,Coronavirus Disease 2019,COVID-19,U071,35-44,67.0
2806,LA,Coronavirus Disease 2019,COVID-19,U071,45-54,161.0
2807,LA,Coronavirus Disease 2019,COVID-19,U071,55-64,395.0
2808,LA,Coronavirus Disease 2019,COVID-19,U071,65-74,647.0
2809,LA,Coronavirus Disease 2019,COVID-19,U071,75-84,840.0
2810,LA,Coronavirus Disease 2019,COVID-19,U071,85+,759.0
2981,MA,Coronavirus Disease 2019,COVID-19,U071,0-24,0.0
2982,MA,Coronavirus Disease 2019,COVID-19,U071,25-34,16.0
2983,MA,Coronavirus Disease 2019,COVID-19,U071,35-44,41.0
2984,MA,Coronavirus Disease 2019,COVID-19,U071,45-54,142.0
2985,MA,Coronavirus Disease 2019,COVID-19,U071,55-64,472.0
2986,MA,Coronavirus Disease 2019,COVID-19,U071,65-74,1077.0
2987,MA,Coronavirus Disease 2019,COVID-19,U071,75-84,1952.0
2988,MA,Coronavirus Disease 2019,COVID-19,U071,85+,3432.0
3169,MD,Coronavirus Disease 2019,COVID-19,U071,0-24,0.0
3170,MD,Coronavirus Disease 2019,COVID-19,U071,25-34,31.0
3171,MD,Coronavirus Disease 2019,COVID-19,U071,35-44,70.0
3172,MD,Coronavirus Disease 2019,COVID-19,U071,45-54,156.0
3173,MD,Coronavirus Disease 2019,COVID-19,U071,55-64,394.0
3174,MD,Coronavirus Disease 2019,COVID-19,U071,65-74,641.0
3175,MD,Coronavirus Disease 2019,COVID-19,U071,75-84,878.0
3176,MD,Coronavirus Disease 2019,COVID-19,U071,85+,1053.0
3178,MD,Coronavirus Disease 2019,COVID-19,U071,Not stated,0.0
3261,ME,Coronavirus Disease 2019,COVID-19,U071,35-44,0.0
3262,ME,Coronavirus Disease 2019,COVID-19,U071,45-54,0.0
3263,ME,Coronavirus Disease 2019,COVID-19,U071,55-64,0.0
3264,ME,Coronavirus Disease 2019,COVID-19,U071,65-74,18.0
3265,ME,Coronavirus Disease 2019,COVID-19,U071,75-84,31.0
3266,ME,Coronavirus Disease 2019,COVID-19,U071,85+,48.0
3440,MI,Coronavirus Disease 2019,COVID-19,U071,0-24,0.0
3441,MI,Coronavirus Disease 2019,COVID-19,U071,25-34,37.0
3442,MI,Coronavirus Disease 2019,COVID-19,U071,35-44,83.0
3443,MI,Coronavirus Disease 2019,COVID-19,U071,45-54,292.0
3444,MI,Coronavirus Disease 2019,COVID-19,U071,55-64,661.0
3445,MI,Coronavirus Disease 2019,COVID-19,U071,65-74,1281.0
3446,MI,Coronavirus Disease 2019,COVID-19,U071,75-84,1404.0
3447,MI,Coronavirus Disease 2019,COVID-19,U071,85+,1568.0
3593,MN,Coronavirus Disease 2019,COVID-19,U071,25-34,0.0
3594,MN,Coronavirus Disease 2019,COVID-19,U071,35-44,0.0
3595,MN,Coronavirus Disease 2019,COVID-19,U071,45-54,34.0
3596,MN,Coronavirus Disease 2019,COVID-19,U071,55-64,103.0
3597,MN,Coronavirus Disease 2019,COVID-19,U071,65-74,214.0
3598,MN,Coronavirus Disease 2019,COVID-19,U071,75-84,362.0
3599,MN,Coronavirus Disease 2019,COVID-19,U071,85+,620.0
3747,MO,Coronavirus Disease 2019,COVID-19,U071,0-24,0.0
3748,MO,Coronavirus Disease 2019,COVID-19,U071,25-34,0.0
3749,MO,Coronavirus Disease 2019,COVID-19,U071,35-44,10.0
3750,MO,Coronavirus Disease 2019,COVID-19,U071,45-54,29.0
3751,MO,Coronavirus Disease 2019,COVID-19,U071,55-64,92.0
3752,MO,Coronavirus Disease 2019,COVID-19,U071,65-74,192.0
3753,MO,Coronavirus Disease 2019,COVID-19,U071,75-84,238.0
3754,MO,Coronavirus Disease 2019,COVID-19,U071,85+,365.0
3768,MP,Coronavirus Disease 2019,COVID-19,U071,65-74,0.0
3769,MP,Coronavirus Disease 2019,COVID-19,U071,75-84,0.0
3933,MS,Coronavirus Disease 2019,COVID-19,U071,0-24,0.0
3934,MS,Coronavirus Disease 2019,COVID-19,U071,25-34,0.0
3935,MS,Coronavirus Disease 2019,COVID-19,U071,35-44,32.0
3936,MS,Coronavirus Disease 2019,COVID-19,U071,45-54,69.0
3937,MS,Coronavirus Disease 2019,COVID-19,U071,55-64,163.0
3938,MS,Coronavirus Disease 2019,COVID-19,U071,65-74,253.0
3939,MS,Coronavirus Disease 2019,COVID-19,U071,75-84,291.0
3940,MS,Coronavirus Disease 2019,COVID-19,U071,85+,247.0
4004,MT,Coronavirus Disease 2019,COVID-19,U071,25-34,0.0
4005,MT,Coronavirus Disease 2019,COVID-19,U071,45-54,0.0
4006,MT,Coronavirus Disease 2019,COVID-19,U071,55-64,0.0
4007,MT,Coronavirus Disease 2019,COVID-19,U071,65-74,0.0
4008,MT,Coronavirus Disease 2019,COVID-19,U071,75-84,10.0
4009,MT,Coronavirus Disease 2019,COVID-19,U071,85+,0.0
4164,NC,Coronavirus Disease 2019,COVID-19,U071,0-24,0.0
4165,NC,Coronavirus Disease 2019,COVID-19,U071,25-34,0.0
4166,NC,Coronavirus Disease 2019,COVID-19,U071,35-44,26.0
4167,NC,Coronavirus Disease 2019,COVID-19,U071,45-54,60.0
4168,NC,Coronavirus Disease 2019,COVID-19,U071,55-64,112.0
4169,NC,Coronavirus Disease 2019,COVID-19,U071,65-74,231.0
4170,NC,Coronavirus Disease 2019,COVID-19,U071,75-84,336.0
4171,NC,Coronavirus Disease 2019,COVID-19,U071,85+,353.0
4272,ND,Coronavirus Disease 2019,COVID-19,U071,35-44,0.0
4273,ND,Coronavirus Disease 2019,COVID-19,U071,45-54,0.0
4274,ND,Coronavirus Disease 2019,COVID-19,U071,55-64,13.0
4275,ND,Coronavirus Disease 2019,COVID-19,U071,65-74,16.0
4276,ND,Coronavirus Disease 2019,COVID-19,U071,75-84,25.0
4277,ND,Coronavirus Disease 2019,COVID-19,U071,85+,38.0
4415,NE,Coronavirus Disease 2019,COVID-19,U071,25-34,0.0
4416,NE,Coronavirus Disease 2019,COVID-19,U071,35-44,0.0
4417,NE,Coronavirus Disease 2019,COVID-19,U071,45-54,17.0
4418,NE,Coronavirus Disease 2019,COVID-19,U071,55-64,38.0
4419,NE,Coronavirus Disease 2019,COVID-19,U071,65-74,59.0
4420,NE,Coronavirus Disease 2019,COVID-19,U071,75-84,61.0
4421,NE,Coronavirus Disease 2019,COVID-19,U071,85+,61.0
4541,NH,Coronavirus Disease 2019,COVID-19,U071,0-24,0.0
4542,NH,Coronavirus Disease 2019,COVID-19,U071,35-44,0.0
4543,NH,Coronavirus Disease 2019,COVID-19,U071,45-54,10.0
4544,NH,Coronavirus Disease 2019,COVID-19,U071,55-64,18.0
4545,NH,Coronavirus Disease 2019,COVID-19,U071,65-74,54.0
4546,NH,Coronavirus Disease 2019,COVID-19,U071,75-84,95.0
4547,NH,Coronavirus Disease 2019,COVID-19,U071,85+,161.0
4732,NJ,Coronavirus Disease 2019,COVID-19,U071,0-24,15.0
4733,NJ,Coronavirus Disease 2019,COVID-19,U071,25-34,101.0
4734,NJ,Coronavirus Disease 2019,COVID-19,U071,35-44,254.0
4735,NJ,Coronavirus Disease 2019,COVID-19,U071,45-54,687.0
4736,NJ,Coronavirus Disease 2019,COVID-19,U071,55-64,1657.0
4737,NJ,Coronavirus Disease 2019,COVID-19,U071,65-74,2522.0
4738,NJ,Coronavirus Disease 2019,COVID-19,U071,75-84,3419.0
4739,NJ,Coronavirus Disease 2019,COVID-19,U071,85+,4419.0
4888,NM,Coronavirus Disease 2019,COVID-19,U071,0-24,0.0
4889,NM,Coronavirus Disease 2019,COVID-19,U071,25-34,13.0
4890,NM,Coronavirus Disease 2019,COVID-19,U071,35-44,24.0
4891,NM,Coronavirus Disease 2019,COVID-19,U071,45-54,32.0
4892,NM,Coronavirus Disease 2019,COVID-19,U071,55-64,53.0
4893,NM,Coronavirus Disease 2019,COVID-19,U071,65-74,81.0
4894,NM,Coronavirus Disease 2019,COVID-19,U071,75-84,87.0
4895,NM,Coronavirus Disease 2019,COVID-19,U071,85+,138.0
5034,NV,Coronavirus Disease 2019,COVID-19,U071,0-24,0.0
5035,NV,Coronavirus Disease 2019,COVID-19,U071,25-34,0.0
5036,NV,Coronavirus Disease 2019,COVID-19,U071,35-44,15.0
5037,NV,Coronavirus Disease 2019,COVID-19,U071,45-54,39.0
5038,NV,Coronavirus Disease 2019,COVID-19,U071,55-64,69.0
5039,NV,Coronavirus Disease 2019,COVID-19,U071,65-74,134.0
5040,NV,Coronavirus Disease 2019,COVID-19,U071,75-84,150.0
5041,NV,Coronavirus Disease 2019,COVID-19,U071,85+,86.0
5234,NY,Coronavirus Disease 2019,COVID-19,U071,0-24,13.0
5235,NY,Coronavirus Disease 2019,COVID-19,U071,25-34,60.0
5236,NY,Coronavirus Disease 2019,COVID-19,U071,35-44,163.0
5237,NY,Coronavirus Disease 2019,COVID-19,U071,45-54,468.0
5238,NY,Coronavirus Disease 2019,COVID-19,U071,55-64,1273.0
5239,NY,Coronavirus Disease 2019,COVID-19,U071,65-74,2147.0
5240,NY,Coronavirus Disease 2019,COVID-19,U071,75-84,2734.0
5241,NY,Coronavirus Disease 2019,COVID-19,U071,85+,3852.0
5243,NY,Coronavirus Disease 2019,COVID-19,U071,Not stated,0.0
5401,OH,Coronavirus Disease 2019,COVID-19,U071,0-24,0.0
5402,OH,Coronavirus Disease 2019,COVID-19,U071,25-34,0.0
5403,OH,Coronavirus Disease 2019,COVID-19,U071,35-44,26.0
5404,OH,Coronavirus Disease 2019,COVID-19,U071,45-54,67.0
5405,OH,Coronavirus Disease 2019,COVID-19,U071,55-64,243.0
5406,OH,Coronavirus Disease 2019,COVID-19,U071,65-74,482.0
5407,OH,Coronavirus Disease 2019,COVID-19,U071,75-84,697.0
5408,OH,Coronavirus Disease 2019,COVID-19,U071,85+,877.0
5551,OK,Coronavirus Disease 2019,COVID-19,U071,0-24,0.0
5552,OK,Coronavirus Disease 2019,COVID-19,U071,25-34,0.0
5553,OK,Coronavirus Disease 2019,COVID-19,U071,35-44,0.0
5554,OK,Coronavirus Disease 2019,COVID-19,U071,45-54,11.0
5555,OK,Coronavirus Disease 2019,COVID-19,U071,55-64,54.0
5556,OK,Coronavirus Disease 2019,COVID-19,U071,65-74,100.0
5557,OK,Coronavirus Disease 2019,COVID-19,U071,75-84,92.0
5558,OK,Coronavirus Disease 2019,COVID-19,U071,85+,119.0
5685,OR,Coronavirus Disease 2019,COVID-19,U071,25-34,0.0
5686,OR,Coronavirus Disease 2019,COVID-19,U071,35-44,0.0
5687,OR,Coronavirus Disease 2019,COVID-19,U071,45-54,0.0
5688,OR,Coronavirus Disease 2019,COVID-19,U071,55-64,25.0
5689,OR,Coronavirus Disease 2019,COVID-19,U071,65-74,58.0
5690,OR,Coronavirus Disease 2019,COVID-19,U071,75-84,57.0
5691,OR,Coronavirus Disease 2019,COVID-19,U071,85+,79.0
5869,PA,Coronavirus Disease 2019,COVID-19,U071,0-24,0.0
5870,PA,Coronavirus Disease 2019,COVID-19,U071,25-34,20.0
5871,PA,Coronavirus Disease 2019,COVID-19,U071,35-44,51.0
5872,PA,Coronavirus Disease 2019,COVID-19,U071,45-54,199.0
5873,PA,Coronavirus Disease 2019,COVID-19,U071,55-64,600.0
5874,PA,Coronavirus Disease 2019,COVID-19,U071,65-74,1198.0
5875,PA,Coronavirus Disease 2019,COVID-19,U071,75-84,1709.0
5876,PA,Coronavirus Disease 2019,COVID-19,U071,85+,2875.0
5995,PR,Coronavirus Disease 2019,COVID-19,U071,0-24,0.0
5996,PR,Coronavirus Disease 2019,COVID-19,U071,25-34,0.0
5997,PR,Coronavirus Disease 2019,COVID-19,U071,35-44,0.0
5998,PR,Coronavirus Disease 2019,COVID-19,U071,45-54,14.0
5999,PR,Coronavirus Disease 2019,COVID-19,U071,55-64,16.0
6000,PR,Coronavirus Disease 2019,COVID-19,U071,65-74,36.0
6001,PR,Coronavirus Disease 2019,COVID-19,U071,75-84,42.0
6002,PR,Coronavirus Disease 2019,COVID-19,U071,85+,31.0
6144,RI,Coronavirus Disease 2019,COVID-19,U071,0-24,0.0
6145,RI,Coronavirus Disease 2019,COVID-19,U071,25-34,0.0
6146,RI,Coronavirus Disease 2019,COVID-19,U071,35-44,0.0
6147,RI,Coronavirus Disease 2019,COVID-19,U071,45-54,15.0
6148,RI,Coronavirus Disease 2019,COVID-19,U071,55-64,62.0
6149,RI,Coronavirus Disease 2019,COVID-19,U071,65-74,147.0
6150,RI,Coronavirus Disease 2019,COVID-19,U071,75-84,219.0
6151,RI,Coronavirus Disease 2019,COVID-19,U071,85+,390.0
6303,SC,Coronavirus Disease 2019,COVID-19,U071,0-24,0.0
6304,SC,Coronavirus Disease 2019,COVID-19,U071,25-34,0.0
6305,SC,Coronavirus Disease 2019,COVID-19,U071,35-44,11.0
6306,SC,Coronavirus Disease 2019,COVID-19,U071,45-54,34.0
6307,SC,Coronavirus Disease 2019,COVID-19,U071,55-64,112.0
6308,SC,Coronavirus Disease 2019,COVID-19,U071,65-74,219.0
6309,SC,Coronavirus Disease 2019,COVID-19,U071,75-84,263.0
6310,SC,Coronavirus Disease 2019,COVID-19,U071,85+,205.0
6424,SD,Coronavirus Disease 2019,COVID-19,U071,0-24,0.0
6425,SD,Coronavirus Disease 2019,COVID-19,U071,25-34,0.0
6426,SD,Coronavirus Disease 2019,COVID-19,U071,35-44,0.0
6427,SD,Coronavirus Disease 2019,COVID-19,U071,45-54,11.0
6428,SD,Coronavirus Disease 2019,COVID-19,U071,55-64,20.0
6429,SD,Coronavirus Disease 2019,COVID-19,U071,65-74,14.0
6430,SD,Coronavirus Disease 2019,COVID-19,U071,75-84,12.0
6431,SD,Coronavirus Disease 2019,COVID-19,U071,85+,34.0
6583,TN,Coronavirus Disease 2019,COVID-19,U071,0-24,0.0
6584,TN,Coronavirus Disease 2019,COVID-19,U071,25-34,0.0
6585,TN,Coronavirus Disease 2019,COVID-19,U071,35-44,17.0
6586,TN,Coronavirus Disease 2019,COVID-19,U071,45-54,30.0
6587,TN,Coronavirus Disease 2019,COVID-19,U071,55-64,91.0
6588,TN,Coronavirus Disease 2019,COVID-19,U071,65-74,136.0
6589,TN,Coronavirus Disease 2019,COVID-19,U071,75-84,173.0
6590,TN,Coronavirus Disease 2019,COVID-19,U071,85+,125.0
6768,TX,Coronavirus Disease 2019,COVID-19,U071,0-24,0.0
6769,TX,Coronavirus Disease 2019,COVID-19,U071,25-34,40.0
6770,TX,Coronavirus Disease 2019,COVID-19,U071,35-44,94.0
6771,TX,Coronavirus Disease 2019,COVID-19,U071,45-54,244.0
6772,TX,Coronavirus Disease 2019,COVID-19,U071,55-64,482.0
6773,TX,Coronavirus Disease 2019,COVID-19,U071,65-74,693.0
6774,TX,Coronavirus Disease 2019,COVID-19,U071,75-84,727.0
6775,TX,Coronavirus Disease 2019,COVID-19,U071,85+,679.0
7127,UT,Coronavirus Disease 2019,COVID-19,U071,0-24,0.0
7128,UT,Coronavirus Disease 2019,COVID-19,U071,25-34,0.0
7129,UT,Coronavirus Disease 2019,COVID-19,U071,35-44,0.0
7130,UT,Coronavirus Disease 2019,COVID-19,U071,45-54,13.0
7131,UT,Coronavirus Disease 2019,COVID-19,U071,55-64,31.0
7132,UT,Coronavirus Disease 2019,COVID-19,U071,65-74,47.0
7133,UT,Coronavirus Disease 2019,COVID-19,U071,75-84,48.0
7134,UT,Coronavirus Disease 2019,COVID-19,U071,85+,40.0
7287,VA,Coronavirus Disease 2019,COVID-19,U071,0-24,0.0
7288,VA,Coronavirus Disease 2019,COVID-19,U071,25-34,0.0
7289,VA,Coronavirus Disease 2019,COVID-19,U071,35-44,31.0
7290,VA,Coronavirus Disease 2019,COVID-19,U071,45-54,79.0
7291,VA,Coronavirus Disease 2019,COVID-19,U071,55-64,209.0
7292,VA,Coronavirus Disease 2019,COVID-19,U071,65-74,373.0
7293,VA,Coronavirus Disease 2019,COVID-19,U071,75-84,521.0
7294,VA,Coronavirus Disease 2019,COVID-19,U071,85+,655.0
7379,VT,Coronavirus Disease 2019,COVID-19,U071,35-44,0.0
7380,VT,Coronavirus Disease 2019,COVID-19,U071,45-54,0.0
7381,VT,Coronavirus Disease 2019,COVID-19,U071,55-64,0.0
7382,VT,Coronavirus Disease 2019,COVID-19,U071,65-74,11.0
7383,VT,Coronavirus Disease 2019,COVID-19,U071,75-84,22.0
7384,VT,Coronavirus Disease 2019,COVID-19,U071,85+,16.0
7544,WA,Coronavirus Disease 2019,COVID-19,U071,0-24,0.0
7545,WA,Coronavirus Disease 2019,COVID-19,U071,25-34,0.0
7546,WA,Coronavirus Disease 2019,COVID-19,U071,35-44,18.0
7547,WA,Coronavirus Disease 2019,COVID-19,U071,45-54,44.0
7548,WA,Coronavirus Disease 2019,COVID-19,U071,55-64,110.0
7549,WA,Coronavirus Disease 2019,COVID-19,U071,65-74,230.0
7550,WA,Coronavirus Disease 2019,COVID-19,U071,75-84,319.0
7551,WA,Coronavirus Disease 2019,COVID-19,U071,85+,417.0
7696,WI,Coronavirus Disease 2019,COVID-19,U071,0-24,0.0
7697,WI,Coronavirus Disease 2019,COVID-19,U071,25-34,0.0
7698,WI,Coronavirus Disease 2019,COVID-19,U071,35-44,13.0
7699,WI,Coronavirus Disease 2019,COVID-19,U071,45-54,38.0
7700,WI,Coronavirus Disease 2019,COVID-19,U071,55-64,99.0
7701,WI,Coronavirus Disease 2019,COVID-19,U071,65-74,170.0
7702,WI,Coronavirus Disease 2019,COVID-19,U071,75-84,180.0
7703,WI,Coronavirus Disease 2019,COVID-19,U071,85+,233.0
7800,WV,Coronavirus Disease 2019,COVID-19,U071,25-34,0.0
7801,WV,Coronavirus Disease 2019,COVID-19,U071,45-54,0.0
7802,WV,Coronavirus Disease 2019,COVID-19,U071,55-64,0.0
7803,WV,Coronavirus Disease 2019,COVID-19,U071,65-74,24.0
7804,WV,Coronavirus Disease 2019,COVID-19,U071,75-84,23.0
7805,WV,Coronavirus Disease 2019,COVID-19,U071,85+,38.0
7854,WY,Coronavirus Disease 2019,COVID-19,U071,25-34,0.0
7855,WY,Coronavirus Disease 2019,COVID-19,U071,45-54,0.0
7856,WY,Coronavirus Disease 2019,COVID-19,U071,55-64,0.0
7857,WY,Coronavirus Disease 2019,COVID-19,U071,65-74,0.0
7858,WY,Coronavirus Disease 2019,COVID-19,U071,75-84,0.0
7859,WY,Coronavirus Disease 2019,COVID-19,U071,85+,0.0
