,State,Condition Group,Condition,ICD10_codes,Age Group,Number of COVID-19 Deaths
158,AL,Diabetes,Diabetes,E10-E14,25-34,0.0
159,AL,Diabetes,Diabetes,E10-E14,35-44,0.0
160,AL,Diabetes,Diabetes,E10-E14,45-54,13.0
161,AL,Diabetes,Diabetes,E10-E14,55-64,13.0
162,AL,Diabetes,Diabetes,E10-E14,65-74,38.0
163,AL,Diabetes,Diabetes,E10-E14,75-84,32.0
164,AL,Diabetes,Diabetes,E10-E14,85+,22.0
308,AR,Diabetes,Diabetes,E10-E14,25-34,0.0
309,AR,Diabetes,Diabetes,E10-E14,35-44,0.0
310,AR,Diabetes,Diabetes,E10-E14,45-54,0.0
311,AR,Diabetes,Diabetes,E10-E14,55-64,0.0
312,AR,Diabetes,Diabetes,E10-E14,65-74,11.0
313,AR,Diabetes,Diabetes,E10-E14,75-84,0.0
314,AR,Diabetes,Diabetes,E10-E14,85+,0.0
478,AZ,Diabetes,Diabetes,E10-E14,25-34,0.0
479,AZ,Diabetes,Diabetes,E10-E14,35-44,0.0
480,AZ,Diabetes,Diabetes,E10-E14,45-54,33.0
481,AZ,Diabetes,Diabetes,E10-E14,55-64,57.0
482,AZ,Diabetes,Diabetes,E10-E14,65-74,68.0
483,AZ,Diabetes,Diabetes,E10-E14,75-84,76.0
484,AZ,Diabetes,Diabetes,E10-E14,85+,52.0
662,CA,Diabetes,Diabetes,E10-E14,0-24,0.0
663,CA,Diabetes,Diabetes,E10-E14,25-34,0.0
664,CA,Diabetes,Diabetes,E10-E14,35-44,39.0
665,CA,Diabetes,Diabetes,E10-E14,45-54,106.0
666,CA,Diabetes,Diabetes,E10-E14,55-64,202.0
667,CA,Diabetes,Diabetes,E10-E14,65-74,325.0
668,CA,Diabetes,Diabetes,E10-E14,75-84,300.0
669,CA,Diabetes,Diabetes,E10-E14,85+,243.0
839,CO,Diabetes,Diabetes,E10-E14,0-24,0.0
840,CO,Diabetes,Diabetes,E10-E14,25-34,0.0
841,CO,Diabetes,Diabetes,E10-E14,35-44,0.0
842,CO,Diabetes,Diabetes,E10-E14,45-54,20.0
843,CO,Diabetes,Diabetes,E10-E14,55-64,25.0
844,CO,Diabetes,Diabetes,E10-E14,65-74,59.0
845,CO,Diabetes,Diabetes,E10-E14,75-84,57.0
846,CO,Diabetes,Diabetes,E10-E14,85+,60.0
1013,CT,Diabetes,Diabetes,E10-E14,0-24,0.0
1014,CT,Diabetes,Diabetes,E10-E14,25-34,0.0
1015,CT,Diabetes,Diabetes,E10-E14,35-44,0.0
1016,CT,Diabetes,Diabetes,E10-E14,45-54,15.0
1017,CT,Diabetes,Diabetes,E10-E14,55-64,51.0
1018,CT,Diabetes,Diabetes,E10-E14,65-74,101.0
1019,CT,Diabetes,Diabetes,E10-E14,75-84,109.0
1020,CT,Diabetes,Diabetes,E10-E14,85+,105.0
1151,DC,Diabetes,Diabetes,E10-E14,25-34,0.0
1152,DC,Diabetes,Diabetes,E10-E14,35-44,0.0
1153,DC,Diabetes,Diabetes,E10-E14,45-54,23.0
1154,DC,Diabetes,Diabetes,E10-E14,55-64,47.0
1155,DC,Diabetes,Diabetes,E10-E14,65-74,81.0
1156,DC,Diabetes,Diabetes,E10-E14,75-84,50.0
1157,DC,Diabetes,Diabetes,E10-E14,85+,37.0
1290,DE,Diabetes,Diabetes,E10-E14,55-64,0.0
1291,DE,Diabetes,Diabetes,E10-E14,65-74,0.0
1292,DE,Diabetes,Diabetes,E10-E14,75-84,0.0
1442,FL,Diabetes,Diabetes,E10-E14,0-24,0.0
1443,FL,Diabetes,Diabetes,E10-E14,25-34,11.0
1444,FL,Diabetes,Diabetes,E10-E14,35-44,27.0
1445,FL,Diabetes,Diabetes,E10-E14,45-54,62.0
1446,FL,Diabetes,Diabetes,E10-E14,55-64,142.0
1447,FL,Diabetes,Diabetes,E10-E14,65-74,340.0
1448,FL,Diabetes,Diabetes,E10-E14,75-84,350.0
1449,FL,Diabetes,Diabetes,E10-E14,85+,314.0
1623,GA,Diabetes,Diabetes,E10-E14,25-34,0.0
1624,GA,Diabetes,Diabetes,E10-E14,35-44,0.0
1625,GA,Diabetes,Diabetes,E10-E14,45-54,14.0
1626,GA,Diabetes,Diabetes,E10-E14,55-64,36.0
1627,GA,Diabetes,Diabetes,E10-E14,65-74,67.0
1628,GA,Diabetes,Diabetes,E10-E14,75-84,65.0
1629,GA,Diabetes,Diabetes,E10-E14,85+,45.0
1723,HI,Diabetes,Diabetes,E10-E14,85+,0.0
1846,IA,Diabetes,Diabetes,E10-E14,25-34,0.0
1847,IA,Diabetes,Diabetes,E10-E14,45-54,0.0
1848,IA,Diabetes,Diabetes,E10-E14,55-64,19.0
1849,IA,Diabetes,Diabetes,E10-E14,65-74,26.0
1850,IA,Diabetes,Diabetes,E10-E14,75-84,26.0
1851,IA,Diabetes,Diabetes,E10-E14,85+,23.0
1959,ID,Diabetes,Diabetes,E10-E14,55-64,0.0
1960,ID,Diabetes,Diabetes,E10-E14,65-74,0.0
1961,ID,Diabetes,Diabetes,E10-E14,75-84,0.0
1962,ID,Diabetes,Diabetes,E10-E14,85+,0.0
2107,IL,Diabetes,Diabetes,E10-E14,0-24,0.0
2108,IL,Diabetes,Diabetes,E10-E14,25-34,15.0
2109,IL,Diabetes,Diabetes,E10-E14,35-44,51.0
2110,IL,Diabetes,Diabetes,E10-E14,45-54,125.0
2111,IL,Diabetes,Diabetes,E10-E14,55-64,316.0
2112,IL,Diabetes,Diabetes,E10-E14,65-74,517.0
2113,IL,Diabetes,Diabetes,E10-E14,75-84,450.0
2114,IL,Diabetes,Diabetes,E10-E14,85+,362.0
2281,IN,Diabetes,Diabetes,E10-E14,0-24,0.0
2282,IN,Diabetes,Diabetes,E10-E14,35-44,0.0
2283,IN,Diabetes,Diabetes,E10-E14,45-54,16.0
2284,IN,Diabetes,Diabetes,E10-E14,55-64,52.0
2285,IN,Diabetes,Diabetes,E10-E14,65-74,124.0
2286,IN,Diabetes,Diabetes,E10-E14,75-84,107.0
2287,IN,Diabetes,Diabetes,E10-E14,85+,85.0
2436,KS,Diabetes,Diabetes,E10-E14,45-54,0.0
2437,KS,Diabetes,Diabetes,E10-E14,55-64,0.0
2438,KS,Diabetes,Diabetes,E10-E14,65-74,0.0
2439,KS,Diabetes,Diabetes,E10-E14,75-84,0.0
2440,KS,Diabetes,Diabetes,E10-E14,85+,0.0
2576,KY,Diabetes,Diabetes,E10-E14,35-44,0.0
2577,KY,Diabetes,Diabetes,E10-E14,45-54,0.0
2578,KY,Diabetes,Diabetes,E10-E14,55-64,0.0
2579,KY,Diabetes,Diabetes,E10-E14,65-74,33.0
2580,KY,Diabetes,Diabetes,E10-E14,75-84,26.0
2581,KY,Diabetes,Diabetes,E10-E14,85+,29.0
2748,LA,Diabetes,Diabetes,E10-E14,0-24,0.0
2749,LA,Diabetes,Diabetes,E10-E14,25-34,0.0
2750,LA,Diabetes,Diabetes,E10-E14,35-44,15.0
2751,LA,Diabetes,Diabetes,E10-E14,45-54,51.0
2752,LA,Diabetes,Diabetes,E10-E14,55-64,80.0
2753,LA,Diabetes,Diabetes,E10-E14,65-74,111.0
2754,LA,Diabetes,Diabetes,E10-E14,75-84,134.0
2755,LA,Diabetes,Diabetes,E10-E14,85+,75.0
2930,MA,Diabetes,Diabetes,E10-E14,25-34,0.0
2931,MA,Diabetes,Diabetes,E10-E14,35-44,0.0
2932,MA,Diabetes,Diabetes,E10-E14,45-54,18.0
2933,MA,Diabetes,Diabetes,E10-E14,55-64,51.0
2934,MA,Diabetes,Diabetes,E10-E14,65-74,124.0
2935,MA,Diabetes,Diabetes,E10-E14,75-84,168.0
2936,MA,Diabetes,Diabetes,E10-E14,85+,219.0
3114,MD,Diabetes,Diabetes,E10-E14,0-24,0.0
3115,MD,Diabetes,Diabetes,E10-E14,25-34,0.0
3116,MD,Diabetes,Diabetes,E10-E14,35-44,10.0
3117,MD,Diabetes,Diabetes,E10-E14,45-54,43.0
3118,MD,Diabetes,Diabetes,E10-E14,55-64,88.0
3119,MD,Diabetes,Diabetes,E10-E14,65-74,161.0
3120,MD,Diabetes,Diabetes,E10-E14,75-84,168.0
3121,MD,Diabetes,Diabetes,E10-E14,85+,126.0
3239,ME,Diabetes,Diabetes,E10-E14,55-64,0.0
3240,ME,Diabetes,Diabetes,E10-E14,65-74,0.0
3241,ME,Diabetes,Diabetes,E10-E14,75-84,0.0
3242,ME,Diabetes,Diabetes,E10-E14,85+,0.0
3389,MI,Diabetes,Diabetes,E10-E14,25-34,0.0
3390,MI,Diabetes,Diabetes,E10-E14,35-44,13.0
3391,MI,Diabetes,Diabetes,E10-E14,45-54,56.0
3392,MI,Diabetes,Diabetes,E10-E14,55-64,111.0
3393,MI,Diabetes,Diabetes,E10-E14,65-74,179.0
3394,MI,Diabetes,Diabetes,E10-E14,75-84,151.0
3395,MI,Diabetes,Diabetes,E10-E14,85+,116.0
3548,MN,Diabetes,Diabetes,E10-E14,25-34,0.0
3549,MN,Diabetes,Diabetes,E10-E14,35-44,0.0
3550,MN,Diabetes,Diabetes,E10-E14,45-54,0.0
3551,MN,Diabetes,Diabetes,E10-E14,55-64,22.0
3552,MN,Diabetes,Diabetes,E10-E14,65-74,50.0
3553,MN,Diabetes,Diabetes,E10-E14,75-84,71.0
3554,MN,Diabetes,Diabetes,E10-E14,85+,78.0
3703,MO,Diabetes,Diabetes,E10-E14,25-34,0.0
3704,MO,Diabetes,Diabetes,E10-E14,35-44,0.0
3705,MO,Diabetes,Diabetes,E10-E14,45-54,0.0
3706,MO,Diabetes,Diabetes,E10-E14,55-64,14.0
3707,MO,Diabetes,Diabetes,E10-E14,65-74,27.0
3708,MO,Diabetes,Diabetes,E10-E14,75-84,26.0
3709,MO,Diabetes,Diabetes,E10-E14,85+,16.0
3763,MP,Diabetes,Diabetes,E10-E14,65-74,0.0
3885,MS,Diabetes,Diabetes,E10-E14,25-34,0.0
3886,MS,Diabetes,Diabetes,E10-E14,35-44,0.0
3887,MS,Diabetes,Diabetes,E10-E14,45-54,0.0
3888,MS,Diabetes,Diabetes,E10-E14,55-64,33.0
3889,MS,Diabetes,Diabetes,E10-E14,65-74,53.0
3890,MS,Diabetes,Diabetes,E10-E14,75-84,48.0
3891,MS,Diabetes,Diabetes,E10-E14,85+,26.0
3986,MT,Diabetes,Diabetes,E10-E14,55-64,0.0
3987,MT,Diabetes,Diabetes,E10-E14,65-74,0.0
3988,MT,Diabetes,Diabetes,E10-E14,75-84,0.0
4118,NC,Diabetes,Diabetes,E10-E14,25-34,0.0
4119,NC,Diabetes,Diabetes,E10-E14,35-44,0.0
4120,NC,Diabetes,Diabetes,E10-E14,45-54,0.0
4121,NC,Diabetes,Diabetes,E10-E14,55-64,20.0
4122,NC,Diabetes,Diabetes,E10-E14,65-74,40.0
4123,NC,Diabetes,Diabetes,E10-E14,75-84,44.0
4124,NC,Diabetes,Diabetes,E10-E14,85+,24.0
4242,ND,Diabetes,Diabetes,E10-E14,55-64,0.0
4243,ND,Diabetes,Diabetes,E10-E14,65-74,0.0
4244,ND,Diabetes,Diabetes,E10-E14,75-84,0.0
4245,ND,Diabetes,Diabetes,E10-E14,85+,0.0
4370,NE,Diabetes,Diabetes,E10-E14,25-34,0.0
4371,NE,Diabetes,Diabetes,E10-E14,35-44,0.0
4372,NE,Diabetes,Diabetes,E10-E14,45-54,0.0
4373,NE,Diabetes,Diabetes,E10-E14,55-64,0.0
4374,NE,Diabetes,Diabetes,E10-E14,65-74,19.0
4375,NE,Diabetes,Diabetes,E10-E14,75-84,11.0
4376,NE,Diabetes,Diabetes,E10-E14,85+,0.0
4506,NH,Diabetes,Diabetes,E10-E14,55-64,0.0
4507,NH,Diabetes,Diabetes,E10-E14,65-74,0.0
4508,NH,Diabetes,Diabetes,E10-E14,75-84,10.0
4509,NH,Diabetes,Diabetes,E10-E14,85+,0.0
4677,NJ,Diabetes,Diabetes,E10-E14,0-24,0.0
4678,NJ,Diabetes,Diabetes,E10-E14,25-34,0.0
4679,NJ,Diabetes,Diabetes,E10-E14,35-44,36.0
4680,NJ,Diabetes,Diabetes,E10-E14,45-54,103.0
4681,NJ,Diabetes,Diabetes,E10-E14,55-64,245.0
4682,NJ,Diabetes,Diabetes,E10-E14,65-74,350.0
4683,NJ,Diabetes,Diabetes,E10-E14,75-84,392.0
4684,NJ,Diabetes,Diabetes,E10-E14,85+,301.0
4843,NM,Diabetes,Diabetes,E10-E14,25-34,0.0
4844,NM,Diabetes,Diabetes,E10-E14,35-44,0.0
4845,NM,Diabetes,Diabetes,E10-E14,45-54,0.0
4846,NM,Diabetes,Diabetes,E10-E14,55-64,13.0
4847,NM,Diabetes,Diabetes,E10-E14,65-74,15.0
4848,NM,Diabetes,Diabetes,E10-E14,75-84,21.0
4849,NM,Diabetes,Diabetes,E10-E14,85+,11.0
4991,NV,Diabetes,Diabetes,E10-E14,0-24,0.0
4992,NV,Diabetes,Diabetes,E10-E14,45-54,0.0
4993,NV,Diabetes,Diabetes,E10-E14,55-64,13.0
4994,NV,Diabetes,Diabetes,E10-E14,65-74,10.0
4995,NV,Diabetes,Diabetes,E10-E14,75-84,20.0
4996,NV,Diabetes,Diabetes,E10-E14,85+,0.0
5177,NY,Diabetes,Diabetes,E10-E14,0-24,0.0
5178,NY,Diabetes,Diabetes,E10-E14,25-34,0.0
5179,NY,Diabetes,Diabetes,E10-E14,35-44,27.0
5180,NY,Diabetes,Diabetes,E10-E14,45-54,60.0
5181,NY,Diabetes,Diabetes,E10-E14,55-64,181.0
5182,NY,Diabetes,Diabetes,E10-E14,65-74,266.0
5183,NY,Diabetes,Diabetes,E10-E14,75-84,284.0
5184,NY,Diabetes,Diabetes,E10-E14,85+,258.0
5186,NY,Diabetes,Diabetes,E10-E14,Not stated,0.0
5353,OH,Diabetes,Diabetes,E10-E14,25-34,0.0
5354,OH,Diabetes,Diabetes,E10-E14,35-44,0.0
5355,OH,Diabetes,Diabetes,E10-E14,45-54,0.0
5356,OH,Diabetes,Diabetes,E10-E14,55-64,25.0
5357,OH,Diabetes,Diabetes,E10-E14,65-74,59.0
5358,OH,Diabetes,Diabetes,E10-E14,75-84,71.0
5359,OH,Diabetes,Diabetes,E10-E14,85+,61.0
5505,OK,Diabetes,Diabetes,E10-E14,25-34,0.0
5506,OK,Diabetes,Diabetes,E10-E14,35-44,0.0
5507,OK,Diabetes,Diabetes,E10-E14,45-54,0.0
5508,OK,Diabetes,Diabetes,E10-E14,55-64,21.0
5509,OK,Diabetes,Diabetes,E10-E14,65-74,47.0
5510,OK,Diabetes,Diabetes,E10-E14,75-84,17.0
5511,OK,Diabetes,Diabetes,E10-E14,85+,15.0
5649,OR,Diabetes,Diabetes,E10-E14,45-54,0.0
5650,OR,Diabetes,Diabetes,E10-E14,55-64,0.0
5651,OR,Diabetes,Diabetes,E10-E14,65-74,10.0
5652,OR,Diabetes,Diabetes,E10-E14,75-84,0.0
5653,OR,Diabetes,Diabetes,E10-E14,85+,10.0
5817,PA,Diabetes,Diabetes,E10-E14,0-24,0.0
5818,PA,Diabetes,Diabetes,E10-E14,25-34,0.0
5819,PA,Diabetes,Diabetes,E10-E14,35-44,0.0
5820,PA,Diabetes,Diabetes,E10-E14,45-54,36.0
5821,PA,Diabetes,Diabetes,E10-E14,55-64,103.0
5822,PA,Diabetes,Diabetes,E10-E14,65-74,189.0
5823,PA,Diabetes,Diabetes,E10-E14,75-84,230.0
5824,PA,Diabetes,Diabetes,E10-E14,85+,267.0
5960,PR,Diabetes,Diabetes,E10-E14,35-44,0.0
5961,PR,Diabetes,Diabetes,E10-E14,45-54,0.0
5962,PR,Diabetes,Diabetes,E10-E14,55-64,0.0
5963,PR,Diabetes,Diabetes,E10-E14,65-74,0.0
5964,PR,Diabetes,Diabetes,E10-E14,75-84,10.0
5965,PR,Diabetes,Diabetes,E10-E14,85+,0.0
6098,RI,Diabetes,Diabetes,E10-E14,25-34,0.0
6099,RI,Diabetes,Diabetes,E10-E14,45-54,0.0
6100,RI,Diabetes,Diabetes,E10-E14,55-64,0.0
6101,RI,Diabetes,Diabetes,E10-E14,65-74,20.0
6102,RI,Diabetes,Diabetes,E10-E14,75-84,30.0
6103,RI,Diabetes,Diabetes,E10-E14,85+,29.0
6257,SC,Diabetes,Diabetes,E10-E14,25-34,0.0
6258,SC,Diabetes,Diabetes,E10-E14,35-44,0.0
6259,SC,Diabetes,Diabetes,E10-E14,45-54,0.0
6260,SC,Diabetes,Diabetes,E10-E14,55-64,30.0
6261,SC,Diabetes,Diabetes,E10-E14,65-74,61.0
6262,SC,Diabetes,Diabetes,E10-E14,75-84,47.0
6263,SC,Diabetes,Diabetes,E10-E14,85+,17.0
6389,SD,Diabetes,Diabetes,E10-E14,45-54,0.0
6390,SD,Diabetes,Diabetes,E10-E14,55-64,0.0
6391,SD,Diabetes,Diabetes,E10-E14,65-74,0.0
6392,SD,Diabetes,Diabetes,E10-E14,75-84,0.0
6393,SD,Diabetes,Diabetes,E10-E14,85+,0.0
6537,TN,Diabetes,Diabetes,E10-E14,25-34,0.0
6538,TN,Diabetes,Diabetes,E10-E14,35-44,0.0
6539,TN,Diabetes,Diabetes,E10-E14,45-54,0.0
6540,TN,Diabetes,Diabetes,E10-E14,55-64,15.0
6541,TN,Diabetes,Diabetes,E10-E14,65-74,22.0
6542,TN,Diabetes,Diabetes,E10-E14,75-84,25.0
6543,TN,Diabetes,Diabetes,E10-E14,85+,0.0
6715,TX,Diabetes,Diabetes,E10-E14,25-34,15.0
6716,TX,Diabetes,Diabetes,E10-E14,35-44,23.0
6717,TX,Diabetes,Diabetes,E10-E14,45-54,62.0
6718,TX,Diabetes,Diabetes,E10-E14,55-64,129.0
6719,TX,Diabetes,Diabetes,E10-E14,65-74,177.0
6720,TX,Diabetes,Diabetes,E10-E14,75-84,151.0
6721,TX,Diabetes,Diabetes,E10-E14,85+,82.0
7087,UT,Diabetes,Diabetes,E10-E14,0-24,0.0
7088,UT,Diabetes,Diabetes,E10-E14,45-54,0.0
7089,UT,Diabetes,Diabetes,E10-E14,55-64,0.0
7090,UT,Diabetes,Diabetes,E10-E14,65-74,11.0
7091,UT,Diabetes,Diabetes,E10-E14,75-84,10.0
7092,UT,Diabetes,Diabetes,E10-E14,85+,0.0
7240,VA,Diabetes,Diabetes,E10-E14,25-34,0.0
7241,VA,Diabetes,Diabetes,E10-E14,35-44,0.0
7242,VA,Diabetes,Diabetes,E10-E14,45-54,0.0
7243,VA,Diabetes,Diabetes,E10-E14,55-64,30.0
7244,VA,Diabetes,Diabetes,E10-E14,65-74,46.0
7245,VA,Diabetes,Diabetes,E10-E14,75-84,42.0
7246,VA,Diabetes,Diabetes,E10-E14,85+,23.0
7350,VT,Diabetes,Diabetes,E10-E14,55-64,0.0
7351,VT,Diabetes,Diabetes,E10-E14,65-74,0.0
7352,VT,Diabetes,Diabetes,E10-E14,75-84,10.0
7353,VT,Diabetes,Diabetes,E10-E14,85+,0.0
7497,WA,Diabetes,Diabetes,E10-E14,25-34,0.0
7498,WA,Diabetes,Diabetes,E10-E14,35-44,0.0
7499,WA,Diabetes,Diabetes,E10-E14,45-54,0.0
7500,WA,Diabetes,Diabetes,E10-E14,55-64,28.0
7501,WA,Diabetes,Diabetes,E10-E14,65-74,46.0
7502,WA,Diabetes,Diabetes,E10-E14,75-84,61.0
7503,WA,Diabetes,Diabetes,E10-E14,85+,37.0
7649,WI,Diabetes,Diabetes,E10-E14,0-24,0.0
7650,WI,Diabetes,Diabetes,E10-E14,25-34,0.0
7651,WI,Diabetes,Diabetes,E10-E14,35-44,0.0
7652,WI,Diabetes,Diabetes,E10-E14,45-54,15.0
7653,WI,Diabetes,Diabetes,E10-E14,55-64,38.0
7654,WI,Diabetes,Diabetes,E10-E14,65-74,63.0
7655,WI,Diabetes,Diabetes,E10-E14,75-84,53.0
7656,WI,Diabetes,Diabetes,E10-E14,85+,35.0
7768,WV,Diabetes,Diabetes,E10-E14,45-54,0.0
7769,WV,Diabetes,Diabetes,E10-E14,65-74,0.0
7770,WV,Diabetes,Diabetes,E10-E14,75-84,0.0
7771,WV,Diabetes,Diabetes,E10-E14,85+,0.0
7838,WY,Diabetes,Diabetes,E10-E14,45-54,0.0
7839,WY,Diabetes,Diabetes,E10-E14,65-74,0.0
7840,WY,Diabetes,Diabetes,E10-E14,75-84,0.0
