,State,Condition Group,Condition,ICD10_codes,Age Group,Number of COVID-19 Deaths
188,AL,"Intentional and unintentional injury, poisoning and other adverse events","Intentional and unintentional injury, poisoning, and other adverse events","S00-T98, V01-X59, X60-X84, X85-Y09, Y10-Y36, Y40-Y89, U01-U03",35-44,0.0
189,AL,"Intentional and unintentional injury, poisoning and other adverse events","Intentional and unintentional injury, poisoning, and other adverse events","S00-T98, V01-X59, X60-X84, X85-Y09, Y10-Y36, Y40-Y89, U01-U03",45-54,0.0
190,AL,"Intentional and unintentional injury, poisoning and other adverse events","Intentional and unintentional injury, poisoning, and other adverse events","S00-T98, V01-X59, X60-X84, X85-Y09, Y10-Y36, Y40-Y89, U01-U03",55-64,0.0
191,AL,"Intentional and unintentional injury, poisoning and other adverse events","Intentional and unintentional injury, poisoning, and other adverse events","S00-T98, V01-X59, X60-X84, X85-Y09, Y10-Y36, Y40-Y89, U01-U03",65-74,0.0
192,AL,"Intentional and unintentional injury, poisoning and other adverse events","Intentional and unintentional injury, poisoning, and other adverse events","S00-T98, V01-X59, X60-X84, X85-Y09, Y10-Y36, Y40-Y89, U01-U03",75-84,0.0
193,AL,"Intentional and unintentional injury, poisoning and other adverse events","Intentional and unintentional injury, poisoning, and other adverse events","S00-T98, V01-X59, X60-X84, X85-Y09, Y10-Y36, Y40-Y89, U01-U03",85+,0.0
337,AR,"Intentional and unintentional injury, poisoning and other adverse events","Intentional and unintentional injury, poisoning, and other adverse events","S00-T98, V01-X59, X60-X84, X85-Y09, Y10-Y36, Y40-Y89, U01-U03",55-64,0.0
338,AR,"Intentional and unintentional injury, poisoning and other adverse events","Intentional and unintentional injury, poisoning, and other adverse events","S00-T98, V01-X59, X60-X84, X85-Y09, Y10-Y36, Y40-Y89, U01-U03",75-84,0.0
339,AR,"Intentional and unintentional injury, poisoning and other adverse events","Intentional and unintentional injury, poisoning, and other adverse events","S00-T98, V01-X59, X60-X84, X85-Y09, Y10-Y36, Y40-Y89, U01-U03",85+,0.0
512,AZ,"Intentional and unintentional injury, poisoning and other adverse events","Intentional and unintentional injury, poisoning, and other adverse events","S00-T98, V01-X59, X60-X84, X85-Y09, Y10-Y36, Y40-Y89, U01-U03",25-34,14.0
513,AZ,"Intentional and unintentional injury, poisoning and other adverse events","Intentional and unintentional injury, poisoning, and other adverse events","S00-T98, V01-X59, X60-X84, X85-Y09, Y10-Y36, Y40-Y89, U01-U03",45-54,0.0
514,AZ,"Intentional and unintentional injury, poisoning and other adverse events","Intentional and unintentional injury, poisoning, and other adverse events","S00-T98, V01-X59, X60-X84, X85-Y09, Y10-Y36, Y40-Y89, U01-U03",55-64,10.0
515,AZ,"Intentional and unintentional injury, poisoning and other adverse events","Intentional and unintentional injury, poisoning, and other adverse events","S00-T98, V01-X59, X60-X84, X85-Y09, Y10-Y36, Y40-Y89, U01-U03",65-74,13.0
516,AZ,"Intentional and unintentional injury, poisoning and other adverse events","Intentional and unintentional injury, poisoning, and other adverse events","S00-T98, V01-X59, X60-X84, X85-Y09, Y10-Y36, Y40-Y89, U01-U03",75-84,31.0
517,AZ,"Intentional and unintentional injury, poisoning and other adverse events","Intentional and unintentional injury, poisoning, and other adverse events","S00-T98, V01-X59, X60-X84, X85-Y09, Y10-Y36, Y40-Y89, U01-U03",85+,20.0
700,CA,"Intentional and unintentional injury, poisoning and other adverse events","Intentional and unintentional injury, poisoning, and other adverse events","S00-T98, V01-X59, X60-X84, X85-Y09, Y10-Y36, Y40-Y89, U01-U03",0-24,0.0
701,CA,"Intentional and unintentional injury, poisoning and other adverse events","Intentional and unintentional injury, poisoning, and other adverse events","S00-T98, V01-X59, X60-X84, X85-Y09, Y10-Y36, Y40-Y89, U01-U03",25-34,0.0
702,CA,"Intentional and unintentional injury, poisoning and other adverse events","Intentional and unintentional injury, poisoning, and other adverse events","S00-T98, V01-X59, X60-X84, X85-Y09, Y10-Y36, Y40-Y89, U01-U03",35-44,14.0
703,CA,"Intentional and unintentional injury, poisoning and other adverse events","Intentional and unintentional injury, poisoning, and other adverse events","S00-T98, V01-X59, X60-X84, X85-Y09, Y10-Y36, Y40-Y89, U01-U03",45-54,12.0
704,CA,"Intentional and unintentional injury, poisoning and other adverse events","Intentional and unintentional injury, poisoning, and other adverse events","S00-T98, V01-X59, X60-X84, X85-Y09, Y10-Y36, Y40-Y89, U01-U03",55-64,16.0
705,CA,"Intentional and unintentional injury, poisoning and other adverse events","Intentional and unintentional injury, poisoning, and other adverse events","S00-T98, V01-X59, X60-X84, X85-Y09, Y10-Y36, Y40-Y89, U01-U03",65-74,26.0
706,CA,"Intentional and unintentional injury, poisoning and other adverse events","Intentional and unintentional injury, poisoning, and other adverse events","S00-T98, V01-X59, X60-X84, X85-Y09, Y10-Y36, Y40-Y89, U01-U03",75-84,33.0
707,CA,"Intentional and unintentional injury, poisoning and other adverse events","Intentional and unintentional injury, poisoning, and other adverse events","S00-T98, V01-X59, X60-X84, X85-Y09, Y10-Y36, Y40-Y89, U01-U03",85+,36.0
874,CO,"Intentional and unintentional injury, poisoning and other adverse events","Intentional and unintentional injury, poisoning, and other adverse events","S00-T98, V01-X59, X60-X84, X85-Y09, Y10-Y36, Y40-Y89, U01-U03",35-44,0.0
875,CO,"Intentional and unintentional injury, poisoning and other adverse events","Intentional and unintentional injury, poisoning, and other adverse events","S00-T98, V01-X59, X60-X84, X85-Y09, Y10-Y36, Y40-Y89, U01-U03",45-54,0.0
876,CO,"Intentional and unintentional injury, poisoning and other adverse events","Intentional and unintentional injury, poisoning, and other adverse events","S00-T98, V01-X59, X60-X84, X85-Y09, Y10-Y36, Y40-Y89, U01-U03",55-64,15.0
877,CO,"Intentional and unintentional injury, poisoning and other adverse events","Intentional and unintentional injury, poisoning, and other adverse events","S00-T98, V01-X59, X60-X84, X85-Y09, Y10-Y36, Y40-Y89, U01-U03",65-74,15.0
878,CO,"Intentional and unintentional injury, poisoning and other adverse events","Intentional and unintentional injury, poisoning, and other adverse events","S00-T98, V01-X59, X60-X84, X85-Y09, Y10-Y36, Y40-Y89, U01-U03",75-84,23.0
879,CO,"Intentional and unintentional injury, poisoning and other adverse events","Intentional and unintentional injury, poisoning, and other adverse events","S00-T98, V01-X59, X60-X84, X85-Y09, Y10-Y36, Y40-Y89, U01-U03",85+,37.0
1050,CT,"Intentional and unintentional injury, poisoning and other adverse events","Intentional and unintentional injury, poisoning, and other adverse events","S00-T98, V01-X59, X60-X84, X85-Y09, Y10-Y36, Y40-Y89, U01-U03",45-54,0.0
1051,CT,"Intentional and unintentional injury, poisoning and other adverse events","Intentional and unintentional injury, poisoning, and other adverse events","S00-T98, V01-X59, X60-X84, X85-Y09, Y10-Y36, Y40-Y89, U01-U03",55-64,17.0
1052,CT,"Intentional and unintentional injury, poisoning and other adverse events","Intentional and unintentional injury, poisoning, and other adverse events","S00-T98, V01-X59, X60-X84, X85-Y09, Y10-Y36, Y40-Y89, U01-U03",65-74,23.0
1053,CT,"Intentional and unintentional injury, poisoning and other adverse events","Intentional and unintentional injury, poisoning, and other adverse events","S00-T98, V01-X59, X60-X84, X85-Y09, Y10-Y36, Y40-Y89, U01-U03",75-84,31.0
1054,CT,"Intentional and unintentional injury, poisoning and other adverse events","Intentional and unintentional injury, poisoning, and other adverse events","S00-T98, V01-X59, X60-X84, X85-Y09, Y10-Y36, Y40-Y89, U01-U03",85+,53.0
1181,DC,"Intentional and unintentional injury, poisoning and other adverse events","Intentional and unintentional injury, poisoning, and other adverse events","S00-T98, V01-X59, X60-X84, X85-Y09, Y10-Y36, Y40-Y89, U01-U03",45-54,0.0
1182,DC,"Intentional and unintentional injury, poisoning and other adverse events","Intentional and unintentional injury, poisoning, and other adverse events","S00-T98, V01-X59, X60-X84, X85-Y09, Y10-Y36, Y40-Y89, U01-U03",55-64,0.0
1183,DC,"Intentional and unintentional injury, poisoning and other adverse events","Intentional and unintentional injury, poisoning, and other adverse events","S00-T98, V01-X59, X60-X84, X85-Y09, Y10-Y36, Y40-Y89, U01-U03",65-74,0.0
1311,DE,"Intentional and unintentional injury, poisoning and other adverse events","Intentional and unintentional injury, poisoning, and other adverse events","S00-T98, V01-X59, X60-X84, X85-Y09, Y10-Y36, Y40-Y89, U01-U03",65-74,0.0
1312,DE,"Intentional and unintentional injury, poisoning and other adverse events","Intentional and unintentional injury, poisoning, and other adverse events","S00-T98, V01-X59, X60-X84, X85-Y09, Y10-Y36, Y40-Y89, U01-U03",75-84,0.0
1313,DE,"Intentional and unintentional injury, poisoning and other adverse events","Intentional and unintentional injury, poisoning, and other adverse events","S00-T98, V01-X59, X60-X84, X85-Y09, Y10-Y36, Y40-Y89, U01-U03",85+,0.0
1478,FL,"Intentional and unintentional injury, poisoning and other adverse events","Intentional and unintentional injury, poisoning, and other adverse events","S00-T98, V01-X59, X60-X84, X85-Y09, Y10-Y36, Y40-Y89, U01-U03",25-34,0.0
1479,FL,"Intentional and unintentional injury, poisoning and other adverse events","Intentional and unintentional injury, poisoning, and other adverse events","S00-T98, V01-X59, X60-X84, X85-Y09, Y10-Y36, Y40-Y89, U01-U03",35-44,14.0
1480,FL,"Intentional and unintentional injury, poisoning and other adverse events","Intentional and unintentional injury, poisoning, and other adverse events","S00-T98, V01-X59, X60-X84, X85-Y09, Y10-Y36, Y40-Y89, U01-U03",45-54,0.0
1481,FL,"Intentional and unintentional injury, poisoning and other adverse events","Intentional and unintentional injury, poisoning, and other adverse events","S00-T98, V01-X59, X60-X84, X85-Y09, Y10-Y36, Y40-Y89, U01-U03",55-64,0.0
1482,FL,"Intentional and unintentional injury, poisoning and other adverse events","Intentional and unintentional injury, poisoning, and other adverse events","S00-T98, V01-X59, X60-X84, X85-Y09, Y10-Y36, Y40-Y89, U01-U03",65-74,34.0
1483,FL,"Intentional and unintentional injury, poisoning and other adverse events","Intentional and unintentional injury, poisoning, and other adverse events","S00-T98, V01-X59, X60-X84, X85-Y09, Y10-Y36, Y40-Y89, U01-U03",75-84,60.0
1484,FL,"Intentional and unintentional injury, poisoning and other adverse events","Intentional and unintentional injury, poisoning, and other adverse events","S00-T98, V01-X59, X60-X84, X85-Y09, Y10-Y36, Y40-Y89, U01-U03",85+,88.0
1658,GA,"Intentional and unintentional injury, poisoning and other adverse events","Intentional and unintentional injury, poisoning, and other adverse events","S00-T98, V01-X59, X60-X84, X85-Y09, Y10-Y36, Y40-Y89, U01-U03",45-54,0.0
1659,GA,"Intentional and unintentional injury, poisoning and other adverse events","Intentional and unintentional injury, poisoning, and other adverse events","S00-T98, V01-X59, X60-X84, X85-Y09, Y10-Y36, Y40-Y89, U01-U03",55-64,0.0
1660,GA,"Intentional and unintentional injury, poisoning and other adverse events","Intentional and unintentional injury, poisoning, and other adverse events","S00-T98, V01-X59, X60-X84, X85-Y09, Y10-Y36, Y40-Y89, U01-U03",65-74,11.0
1661,GA,"Intentional and unintentional injury, poisoning and other adverse events","Intentional and unintentional injury, poisoning, and other adverse events","S00-T98, V01-X59, X60-X84, X85-Y09, Y10-Y36, Y40-Y89, U01-U03",75-84,18.0
1662,GA,"Intentional and unintentional injury, poisoning and other adverse events","Intentional and unintentional injury, poisoning, and other adverse events","S00-T98, V01-X59, X60-X84, X85-Y09, Y10-Y36, Y40-Y89, U01-U03",85+,11.0
1730,HI,"Intentional and unintentional injury, poisoning and other adverse events","Intentional and unintentional injury, poisoning, and other adverse events","S00-T98, V01-X59, X60-X84, X85-Y09, Y10-Y36, Y40-Y89, U01-U03",55-64,0.0
1731,HI,"Intentional and unintentional injury, poisoning and other adverse events","Intentional and unintentional injury, poisoning, and other adverse events","S00-T98, V01-X59, X60-X84, X85-Y09, Y10-Y36, Y40-Y89, U01-U03",75-84,0.0
1878,IA,"Intentional and unintentional injury, poisoning and other adverse events","Intentional and unintentional injury, poisoning, and other adverse events","S00-T98, V01-X59, X60-X84, X85-Y09, Y10-Y36, Y40-Y89, U01-U03",45-54,0.0
1879,IA,"Intentional and unintentional injury, poisoning and other adverse events","Intentional and unintentional injury, poisoning, and other adverse events","S00-T98, V01-X59, X60-X84, X85-Y09, Y10-Y36, Y40-Y89, U01-U03",55-64,0.0
1880,IA,"Intentional and unintentional injury, poisoning and other adverse events","Intentional and unintentional injury, poisoning, and other adverse events","S00-T98, V01-X59, X60-X84, X85-Y09, Y10-Y36, Y40-Y89, U01-U03",65-74,0.0
1881,IA,"Intentional and unintentional injury, poisoning and other adverse events","Intentional and unintentional injury, poisoning, and other adverse events","S00-T98, V01-X59, X60-X84, X85-Y09, Y10-Y36, Y40-Y89, U01-U03",75-84,0.0
1882,IA,"Intentional and unintentional injury, poisoning and other adverse events","Intentional and unintentional injury, poisoning, and other adverse events","S00-T98, V01-X59, X60-X84, X85-Y09, Y10-Y36, Y40-Y89, U01-U03",85+,0.0
2143,IL,"Intentional and unintentional injury, poisoning and other adverse events","Intentional and unintentional injury, poisoning, and other adverse events","S00-T98, V01-X59, X60-X84, X85-Y09, Y10-Y36, Y40-Y89, U01-U03",0-24,0.0
2144,IL,"Intentional and unintentional injury, poisoning and other adverse events","Intentional and unintentional injury, poisoning, and other adverse events","S00-T98, V01-X59, X60-X84, X85-Y09, Y10-Y36, Y40-Y89, U01-U03",25-34,0.0
2145,IL,"Intentional and unintentional injury, poisoning and other adverse events","Intentional and unintentional injury, poisoning, and other adverse events","S00-T98, V01-X59, X60-X84, X85-Y09, Y10-Y36, Y40-Y89, U01-U03",35-44,11.0
2146,IL,"Intentional and unintentional injury, poisoning and other adverse events","Intentional and unintentional injury, poisoning, and other adverse events","S00-T98, V01-X59, X60-X84, X85-Y09, Y10-Y36, Y40-Y89, U01-U03",45-54,0.0
2147,IL,"Intentional and unintentional injury, poisoning and other adverse events","Intentional and unintentional injury, poisoning, and other adverse events","S00-T98, V01-X59, X60-X84, X85-Y09, Y10-Y36, Y40-Y89, U01-U03",55-64,20.0
2148,IL,"Intentional and unintentional injury, poisoning and other adverse events","Intentional and unintentional injury, poisoning, and other adverse events","S00-T98, V01-X59, X60-X84, X85-Y09, Y10-Y36, Y40-Y89, U01-U03",65-74,25.0
2149,IL,"Intentional and unintentional injury, poisoning and other adverse events","Intentional and unintentional injury, poisoning, and other adverse events","S00-T98, V01-X59, X60-X84, X85-Y09, Y10-Y36, Y40-Y89, U01-U03",75-84,30.0
2150,IL,"Intentional and unintentional injury, poisoning and other adverse events","Intentional and unintentional injury, poisoning, and other adverse events","S00-T98, V01-X59, X60-X84, X85-Y09, Y10-Y36, Y40-Y89, U01-U03",85+,42.0
2317,IN,"Intentional and unintentional injury, poisoning and other adverse events","Intentional and unintentional injury, poisoning, and other adverse events","S00-T98, V01-X59, X60-X84, X85-Y09, Y10-Y36, Y40-Y89, U01-U03",25-34,0.0
2318,IN,"Intentional and unintentional injury, poisoning and other adverse events","Intentional and unintentional injury, poisoning, and other adverse events","S00-T98, V01-X59, X60-X84, X85-Y09, Y10-Y36, Y40-Y89, U01-U03",45-54,0.0
2319,IN,"Intentional and unintentional injury, poisoning and other adverse events","Intentional and unintentional injury, poisoning, and other adverse events","S00-T98, V01-X59, X60-X84, X85-Y09, Y10-Y36, Y40-Y89, U01-U03",55-64,21.0
2320,IN,"Intentional and unintentional injury, poisoning and other adverse events","Intentional and unintentional injury, poisoning, and other adverse events","S00-T98, V01-X59, X60-X84, X85-Y09, Y10-Y36, Y40-Y89, U01-U03",65-74,21.0
2321,IN,"Intentional and unintentional injury, poisoning and other adverse events","Intentional and unintentional injury, poisoning, and other adverse events","S00-T98, V01-X59, X60-X84, X85-Y09, Y10-Y36, Y40-Y89, U01-U03",75-84,29.0
2322,IN,"Intentional and unintentional injury, poisoning and other adverse events","Intentional and unintentional injury, poisoning, and other adverse events","S00-T98, V01-X59, X60-X84, X85-Y09, Y10-Y36, Y40-Y89, U01-U03",85+,32.0
2462,KS,"Intentional and unintentional injury, poisoning and other adverse events","Intentional and unintentional injury, poisoning, and other adverse events","S00-T98, V01-X59, X60-X84, X85-Y09, Y10-Y36, Y40-Y89, U01-U03",55-64,0.0
2463,KS,"Intentional and unintentional injury, poisoning and other adverse events","Intentional and unintentional injury, poisoning, and other adverse events","S00-T98, V01-X59, X60-X84, X85-Y09, Y10-Y36, Y40-Y89, U01-U03",75-84,0.0
2464,KS,"Intentional and unintentional injury, poisoning and other adverse events","Intentional and unintentional injury, poisoning, and other adverse events","S00-T98, V01-X59, X60-X84, X85-Y09, Y10-Y36, Y40-Y89, U01-U03",85+,0.0
2604,KY,"Intentional and unintentional injury, poisoning and other adverse events","Intentional and unintentional injury, poisoning, and other adverse events","S00-T98, V01-X59, X60-X84, X85-Y09, Y10-Y36, Y40-Y89, U01-U03",55-64,0.0
2605,KY,"Intentional and unintentional injury, poisoning and other adverse events","Intentional and unintentional injury, poisoning, and other adverse events","S00-T98, V01-X59, X60-X84, X85-Y09, Y10-Y36, Y40-Y89, U01-U03",65-74,0.0
2606,KY,"Intentional and unintentional injury, poisoning and other adverse events","Intentional and unintentional injury, poisoning, and other adverse events","S00-T98, V01-X59, X60-X84, X85-Y09, Y10-Y36, Y40-Y89, U01-U03",75-84,0.0
2607,KY,"Intentional and unintentional injury, poisoning and other adverse events","Intentional and unintentional injury, poisoning, and other adverse events","S00-T98, V01-X59, X60-X84, X85-Y09, Y10-Y36, Y40-Y89, U01-U03",85+,14.0
2785,LA,"Intentional and unintentional injury, poisoning and other adverse events","Intentional and unintentional injury, poisoning, and other adverse events","S00-T98, V01-X59, X60-X84, X85-Y09, Y10-Y36, Y40-Y89, U01-U03",0-24,0.0
2786,LA,"Intentional and unintentional injury, poisoning and other adverse events","Intentional and unintentional injury, poisoning, and other adverse events","S00-T98, V01-X59, X60-X84, X85-Y09, Y10-Y36, Y40-Y89, U01-U03",25-34,0.0
2787,LA,"Intentional and unintentional injury, poisoning and other adverse events","Intentional and unintentional injury, poisoning, and other adverse events","S00-T98, V01-X59, X60-X84, X85-Y09, Y10-Y36, Y40-Y89, U01-U03",35-44,0.0
2788,LA,"Intentional and unintentional injury, poisoning and other adverse events","Intentional and unintentional injury, poisoning, and other adverse events","S00-T98, V01-X59, X60-X84, X85-Y09, Y10-Y36, Y40-Y89, U01-U03",45-54,0.0
2789,LA,"Intentional and unintentional injury, poisoning and other adverse events","Intentional and unintentional injury, poisoning, and other adverse events","S00-T98, V01-X59, X60-X84, X85-Y09, Y10-Y36, Y40-Y89, U01-U03",55-64,13.0
2790,LA,"Intentional and unintentional injury, poisoning and other adverse events","Intentional and unintentional injury, poisoning, and other adverse events","S00-T98, V01-X59, X60-X84, X85-Y09, Y10-Y36, Y40-Y89, U01-U03",65-74,0.0
2791,LA,"Intentional and unintentional injury, poisoning and other adverse events","Intentional and unintentional injury, poisoning, and other adverse events","S00-T98, V01-X59, X60-X84, X85-Y09, Y10-Y36, Y40-Y89, U01-U03",75-84,0.0
2792,LA,"Intentional and unintentional injury, poisoning and other adverse events","Intentional and unintentional injury, poisoning, and other adverse events","S00-T98, V01-X59, X60-X84, X85-Y09, Y10-Y36, Y40-Y89, U01-U03",85+,14.0
2965,MA,"Intentional and unintentional injury, poisoning and other adverse events","Intentional and unintentional injury, poisoning, and other adverse events","S00-T98, V01-X59, X60-X84, X85-Y09, Y10-Y36, Y40-Y89, U01-U03",35-44,0.0
2966,MA,"Intentional and unintentional injury, poisoning and other adverse events","Intentional and unintentional injury, poisoning, and other adverse events","S00-T98, V01-X59, X60-X84, X85-Y09, Y10-Y36, Y40-Y89, U01-U03",45-54,0.0
2967,MA,"Intentional and unintentional injury, poisoning and other adverse events","Intentional and unintentional injury, poisoning, and other adverse events","S00-T98, V01-X59, X60-X84, X85-Y09, Y10-Y36, Y40-Y89, U01-U03",55-64,33.0
2968,MA,"Intentional and unintentional injury, poisoning and other adverse events","Intentional and unintentional injury, poisoning, and other adverse events","S00-T98, V01-X59, X60-X84, X85-Y09, Y10-Y36, Y40-Y89, U01-U03",65-74,38.0
2969,MA,"Intentional and unintentional injury, poisoning and other adverse events","Intentional and unintentional injury, poisoning, and other adverse events","S00-T98, V01-X59, X60-X84, X85-Y09, Y10-Y36, Y40-Y89, U01-U03",75-84,54.0
2970,MA,"Intentional and unintentional injury, poisoning and other adverse events","Intentional and unintentional injury, poisoning, and other adverse events","S00-T98, V01-X59, X60-X84, X85-Y09, Y10-Y36, Y40-Y89, U01-U03",85+,98.0
3150,MD,"Intentional and unintentional injury, poisoning and other adverse events","Intentional and unintentional injury, poisoning, and other adverse events","S00-T98, V01-X59, X60-X84, X85-Y09, Y10-Y36, Y40-Y89, U01-U03",0-24,0.0
3151,MD,"Intentional and unintentional injury, poisoning and other adverse events","Intentional and unintentional injury, poisoning, and other adverse events","S00-T98, V01-X59, X60-X84, X85-Y09, Y10-Y36, Y40-Y89, U01-U03",25-34,0.0
3152,MD,"Intentional and unintentional injury, poisoning and other adverse events","Intentional and unintentional injury, poisoning, and other adverse events","S00-T98, V01-X59, X60-X84, X85-Y09, Y10-Y36, Y40-Y89, U01-U03",35-44,0.0
3153,MD,"Intentional and unintentional injury, poisoning and other adverse events","Intentional and unintentional injury, poisoning, and other adverse events","S00-T98, V01-X59, X60-X84, X85-Y09, Y10-Y36, Y40-Y89, U01-U03",45-54,0.0
3154,MD,"Intentional and unintentional injury, poisoning and other adverse events","Intentional and unintentional injury, poisoning, and other adverse events","S00-T98, V01-X59, X60-X84, X85-Y09, Y10-Y36, Y40-Y89, U01-U03",55-64,10.0
3155,MD,"Intentional and unintentional injury, poisoning and other adverse events","Intentional and unintentional injury, poisoning, and other adverse events","S00-T98, V01-X59, X60-X84, X85-Y09, Y10-Y36, Y40-Y89, U01-U03",65-74,25.0
3156,MD,"Intentional and unintentional injury, poisoning and other adverse events","Intentional and unintentional injury, poisoning, and other adverse events","S00-T98, V01-X59, X60-X84, X85-Y09, Y10-Y36, Y40-Y89, U01-U03",75-84,27.0
3157,MD,"Intentional and unintentional injury, poisoning and other adverse events","Intentional and unintentional injury, poisoning, and other adverse events","S00-T98, V01-X59, X60-X84, X85-Y09, Y10-Y36, Y40-Y89, U01-U03",85+,53.0
3253,ME,"Intentional and unintentional injury, poisoning and other adverse events","Intentional and unintentional injury, poisoning, and other adverse events","S00-T98, V01-X59, X60-X84, X85-Y09, Y10-Y36, Y40-Y89, U01-U03",65-74,0.0
3423,MI,"Intentional and unintentional injury, poisoning and other adverse events","Intentional and unintentional injury, poisoning, and other adverse events","S00-T98, V01-X59, X60-X84, X85-Y09, Y10-Y36, Y40-Y89, U01-U03",25-34,0.0
3424,MI,"Intentional and unintentional injury, poisoning and other adverse events","Intentional and unintentional injury, poisoning, and other adverse events","S00-T98, V01-X59, X60-X84, X85-Y09, Y10-Y36, Y40-Y89, U01-U03",35-44,0.0
3425,MI,"Intentional and unintentional injury, poisoning and other adverse events","Intentional and unintentional injury, poisoning, and other adverse events","S00-T98, V01-X59, X60-X84, X85-Y09, Y10-Y36, Y40-Y89, U01-U03",45-54,14.0
3426,MI,"Intentional and unintentional injury, poisoning and other adverse events","Intentional and unintentional injury, poisoning, and other adverse events","S00-T98, V01-X59, X60-X84, X85-Y09, Y10-Y36, Y40-Y89, U01-U03",55-64,25.0
3427,MI,"Intentional and unintentional injury, poisoning and other adverse events","Intentional and unintentional injury, poisoning, and other adverse events","S00-T98, V01-X59, X60-X84, X85-Y09, Y10-Y36, Y40-Y89, U01-U03",65-74,35.0
3428,MI,"Intentional and unintentional injury, poisoning and other adverse events","Intentional and unintentional injury, poisoning, and other adverse events","S00-T98, V01-X59, X60-X84, X85-Y09, Y10-Y36, Y40-Y89, U01-U03",75-84,32.0
3429,MI,"Intentional and unintentional injury, poisoning and other adverse events","Intentional and unintentional injury, poisoning, and other adverse events","S00-T98, V01-X59, X60-X84, X85-Y09, Y10-Y36, Y40-Y89, U01-U03",85+,56.0
3580,MN,"Intentional and unintentional injury, poisoning and other adverse events","Intentional and unintentional injury, poisoning, and other adverse events","S00-T98, V01-X59, X60-X84, X85-Y09, Y10-Y36, Y40-Y89, U01-U03",55-64,11.0
3581,MN,"Intentional and unintentional injury, poisoning and other adverse events","Intentional and unintentional injury, poisoning, and other adverse events","S00-T98, V01-X59, X60-X84, X85-Y09, Y10-Y36, Y40-Y89, U01-U03",65-74,17.0
3582,MN,"Intentional and unintentional injury, poisoning and other adverse events","Intentional and unintentional injury, poisoning, and other adverse events","S00-T98, V01-X59, X60-X84, X85-Y09, Y10-Y36, Y40-Y89, U01-U03",75-84,22.0
3583,MN,"Intentional and unintentional injury, poisoning and other adverse events","Intentional and unintentional injury, poisoning, and other adverse events","S00-T98, V01-X59, X60-X84, X85-Y09, Y10-Y36, Y40-Y89, U01-U03",85+,43.0
3732,MO,"Intentional and unintentional injury, poisoning and other adverse events","Intentional and unintentional injury, poisoning, and other adverse events","S00-T98, V01-X59, X60-X84, X85-Y09, Y10-Y36, Y40-Y89, U01-U03",35-44,0.0
3733,MO,"Intentional and unintentional injury, poisoning and other adverse events","Intentional and unintentional injury, poisoning, and other adverse events","S00-T98, V01-X59, X60-X84, X85-Y09, Y10-Y36, Y40-Y89, U01-U03",55-64,0.0
3734,MO,"Intentional and unintentional injury, poisoning and other adverse events","Intentional and unintentional injury, poisoning, and other adverse events","S00-T98, V01-X59, X60-X84, X85-Y09, Y10-Y36, Y40-Y89, U01-U03",65-74,0.0
3735,MO,"Intentional and unintentional injury, poisoning and other adverse events","Intentional and unintentional injury, poisoning, and other adverse events","S00-T98, V01-X59, X60-X84, X85-Y09, Y10-Y36, Y40-Y89, U01-U03",75-84,0.0
3736,MO,"Intentional and unintentional injury, poisoning and other adverse events","Intentional and unintentional injury, poisoning, and other adverse events","S00-T98, V01-X59, X60-X84, X85-Y09, Y10-Y36, Y40-Y89, U01-U03",85+,0.0
3920,MS,"Intentional and unintentional injury, poisoning and other adverse events","Intentional and unintentional injury, poisoning, and other adverse events","S00-T98, V01-X59, X60-X84, X85-Y09, Y10-Y36, Y40-Y89, U01-U03",45-54,0.0
3921,MS,"Intentional and unintentional injury, poisoning and other adverse events","Intentional and unintentional injury, poisoning, and other adverse events","S00-T98, V01-X59, X60-X84, X85-Y09, Y10-Y36, Y40-Y89, U01-U03",55-64,0.0
3922,MS,"Intentional and unintentional injury, poisoning and other adverse events","Intentional and unintentional injury, poisoning, and other adverse events","S00-T98, V01-X59, X60-X84, X85-Y09, Y10-Y36, Y40-Y89, U01-U03",65-74,0.0
3923,MS,"Intentional and unintentional injury, poisoning and other adverse events","Intentional and unintentional injury, poisoning, and other adverse events","S00-T98, V01-X59, X60-X84, X85-Y09, Y10-Y36, Y40-Y89, U01-U03",85+,0.0
3995,MT,"Intentional and unintentional injury, poisoning and other adverse events","Intentional and unintentional injury, poisoning, and other adverse events","S00-T98, V01-X59, X60-X84, X85-Y09, Y10-Y36, Y40-Y89, U01-U03",85+,0.0
4151,NC,"Intentional and unintentional injury, poisoning and other adverse events","Intentional and unintentional injury, poisoning, and other adverse events","S00-T98, V01-X59, X60-X84, X85-Y09, Y10-Y36, Y40-Y89, U01-U03",55-64,0.0
4152,NC,"Intentional and unintentional injury, poisoning and other adverse events","Intentional and unintentional injury, poisoning, and other adverse events","S00-T98, V01-X59, X60-X84, X85-Y09, Y10-Y36, Y40-Y89, U01-U03",65-74,11.0
4153,NC,"Intentional and unintentional injury, poisoning and other adverse events","Intentional and unintentional injury, poisoning, and other adverse events","S00-T98, V01-X59, X60-X84, X85-Y09, Y10-Y36, Y40-Y89, U01-U03",75-84,10.0
4154,NC,"Intentional and unintentional injury, poisoning and other adverse events","Intentional and unintentional injury, poisoning, and other adverse events","S00-T98, V01-X59, X60-X84, X85-Y09, Y10-Y36, Y40-Y89, U01-U03",85+,13.0
4262,ND,"Intentional and unintentional injury, poisoning and other adverse events","Intentional and unintentional injury, poisoning, and other adverse events","S00-T98, V01-X59, X60-X84, X85-Y09, Y10-Y36, Y40-Y89, U01-U03",65-74,0.0
4263,ND,"Intentional and unintentional injury, poisoning and other adverse events","Intentional and unintentional injury, poisoning, and other adverse events","S00-T98, V01-X59, X60-X84, X85-Y09, Y10-Y36, Y40-Y89, U01-U03",75-84,0.0
4402,NE,"Intentional and unintentional injury, poisoning and other adverse events","Intentional and unintentional injury, poisoning, and other adverse events","S00-T98, V01-X59, X60-X84, X85-Y09, Y10-Y36, Y40-Y89, U01-U03",35-44,0.0
4403,NE,"Intentional and unintentional injury, poisoning and other adverse events","Intentional and unintentional injury, poisoning, and other adverse events","S00-T98, V01-X59, X60-X84, X85-Y09, Y10-Y36, Y40-Y89, U01-U03",55-64,0.0
4404,NE,"Intentional and unintentional injury, poisoning and other adverse events","Intentional and unintentional injury, poisoning, and other adverse events","S00-T98, V01-X59, X60-X84, X85-Y09, Y10-Y36, Y40-Y89, U01-U03",65-74,0.0
4405,NE,"Intentional and unintentional injury, poisoning and other adverse events","Intentional and unintentional injury, poisoning, and other adverse events","S00-T98, V01-X59, X60-X84, X85-Y09, Y10-Y36, Y40-Y89, U01-U03",75-84,0.0
4529,NH,"Intentional and unintentional injury, poisoning and other adverse events","Intentional and unintentional injury, poisoning, and other adverse events","S00-T98, V01-X59, X60-X84, X85-Y09, Y10-Y36, Y40-Y89, U01-U03",45-54,0.0
4530,NH,"Intentional and unintentional injury, poisoning and other adverse events","Intentional and unintentional injury, poisoning, and other adverse events","S00-T98, V01-X59, X60-X84, X85-Y09, Y10-Y36, Y40-Y89, U01-U03",65-74,0.0
4531,NH,"Intentional and unintentional injury, poisoning and other adverse events","Intentional and unintentional injury, poisoning, and other adverse events","S00-T98, V01-X59, X60-X84, X85-Y09, Y10-Y36, Y40-Y89, U01-U03",75-84,0.0
4532,NH,"Intentional and unintentional injury, poisoning and other adverse events","Intentional and unintentional injury, poisoning, and other adverse events","S00-T98, V01-X59, X60-X84, X85-Y09, Y10-Y36, Y40-Y89, U01-U03",85+,0.0
4714,NJ,"Intentional and unintentional injury, poisoning and other adverse events","Intentional and unintentional injury, poisoning, and other adverse events","S00-T98, V01-X59, X60-X84, X85-Y09, Y10-Y36, Y40-Y89, U01-U03",0-24,0.0
4715,NJ,"Intentional and unintentional injury, poisoning and other adverse events","Intentional and unintentional injury, poisoning, and other adverse events","S00-T98, V01-X59, X60-X84, X85-Y09, Y10-Y36, Y40-Y89, U01-U03",25-34,0.0
4716,NJ,"Intentional and unintentional injury, poisoning and other adverse events","Intentional and unintentional injury, poisoning, and other adverse events","S00-T98, V01-X59, X60-X84, X85-Y09, Y10-Y36, Y40-Y89, U01-U03",35-44,10.0
4717,NJ,"Intentional and unintentional injury, poisoning and other adverse events","Intentional and unintentional injury, poisoning, and other adverse events","S00-T98, V01-X59, X60-X84, X85-Y09, Y10-Y36, Y40-Y89, U01-U03",45-54,12.0
4718,NJ,"Intentional and unintentional injury, poisoning and other adverse events","Intentional and unintentional injury, poisoning, and other adverse events","S00-T98, V01-X59, X60-X84, X85-Y09, Y10-Y36, Y40-Y89, U01-U03",55-64,32.0
4719,NJ,"Intentional and unintentional injury, poisoning and other adverse events","Intentional and unintentional injury, poisoning, and other adverse events","S00-T98, V01-X59, X60-X84, X85-Y09, Y10-Y36, Y40-Y89, U01-U03",65-74,62.0
4720,NJ,"Intentional and unintentional injury, poisoning and other adverse events","Intentional and unintentional injury, poisoning, and other adverse events","S00-T98, V01-X59, X60-X84, X85-Y09, Y10-Y36, Y40-Y89, U01-U03",75-84,103.0
4721,NJ,"Intentional and unintentional injury, poisoning and other adverse events","Intentional and unintentional injury, poisoning, and other adverse events","S00-T98, V01-X59, X60-X84, X85-Y09, Y10-Y36, Y40-Y89, U01-U03",85+,125.0
4875,NM,"Intentional and unintentional injury, poisoning and other adverse events","Intentional and unintentional injury, poisoning, and other adverse events","S00-T98, V01-X59, X60-X84, X85-Y09, Y10-Y36, Y40-Y89, U01-U03",25-34,0.0
4876,NM,"Intentional and unintentional injury, poisoning and other adverse events","Intentional and unintentional injury, poisoning, and other adverse events","S00-T98, V01-X59, X60-X84, X85-Y09, Y10-Y36, Y40-Y89, U01-U03",45-54,0.0
4877,NM,"Intentional and unintentional injury, poisoning and other adverse events","Intentional and unintentional injury, poisoning, and other adverse events","S00-T98, V01-X59, X60-X84, X85-Y09, Y10-Y36, Y40-Y89, U01-U03",65-74,0.0
5021,NV,"Intentional and unintentional injury, poisoning and other adverse events","Intentional and unintentional injury, poisoning, and other adverse events","S00-T98, V01-X59, X60-X84, X85-Y09, Y10-Y36, Y40-Y89, U01-U03",45-54,0.0
5022,NV,"Intentional and unintentional injury, poisoning and other adverse events","Intentional and unintentional injury, poisoning, and other adverse events","S00-T98, V01-X59, X60-X84, X85-Y09, Y10-Y36, Y40-Y89, U01-U03",65-74,0.0
5023,NV,"Intentional and unintentional injury, poisoning and other adverse events","Intentional and unintentional injury, poisoning, and other adverse events","S00-T98, V01-X59, X60-X84, X85-Y09, Y10-Y36, Y40-Y89, U01-U03",75-84,0.0
5215,NY,"Intentional and unintentional injury, poisoning and other adverse events","Intentional and unintentional injury, poisoning, and other adverse events","S00-T98, V01-X59, X60-X84, X85-Y09, Y10-Y36, Y40-Y89, U01-U03",25-34,0.0
5216,NY,"Intentional and unintentional injury, poisoning and other adverse events","Intentional and unintentional injury, poisoning, and other adverse events","S00-T98, V01-X59, X60-X84, X85-Y09, Y10-Y36, Y40-Y89, U01-U03",35-44,0.0
5217,NY,"Intentional and unintentional injury, poisoning and other adverse events","Intentional and unintentional injury, poisoning, and other adverse events","S00-T98, V01-X59, X60-X84, X85-Y09, Y10-Y36, Y40-Y89, U01-U03",45-54,12.0
5218,NY,"Intentional and unintentional injury, poisoning and other adverse events","Intentional and unintentional injury, poisoning, and other adverse events","S00-T98, V01-X59, X60-X84, X85-Y09, Y10-Y36, Y40-Y89, U01-U03",55-64,30.0
5219,NY,"Intentional and unintentional injury, poisoning and other adverse events","Intentional and unintentional injury, poisoning, and other adverse events","S00-T98, V01-X59, X60-X84, X85-Y09, Y10-Y36, Y40-Y89, U01-U03",65-74,53.0
5220,NY,"Intentional and unintentional injury, poisoning and other adverse events","Intentional and unintentional injury, poisoning, and other adverse events","S00-T98, V01-X59, X60-X84, X85-Y09, Y10-Y36, Y40-Y89, U01-U03",75-84,51.0
5221,NY,"Intentional and unintentional injury, poisoning and other adverse events","Intentional and unintentional injury, poisoning, and other adverse events","S00-T98, V01-X59, X60-X84, X85-Y09, Y10-Y36, Y40-Y89, U01-U03",85+,84.0
5223,NY,"Intentional and unintentional injury, poisoning and other adverse events","Intentional and unintentional injury, poisoning, and other adverse events","S00-T98, V01-X59, X60-X84, X85-Y09, Y10-Y36, Y40-Y89, U01-U03",Not stated,0.0
5384,OH,"Intentional and unintentional injury, poisoning and other adverse events","Intentional and unintentional injury, poisoning, and other adverse events","S00-T98, V01-X59, X60-X84, X85-Y09, Y10-Y36, Y40-Y89, U01-U03",25-34,0.0
5385,OH,"Intentional and unintentional injury, poisoning and other adverse events","Intentional and unintentional injury, poisoning, and other adverse events","S00-T98, V01-X59, X60-X84, X85-Y09, Y10-Y36, Y40-Y89, U01-U03",35-44,0.0
5386,OH,"Intentional and unintentional injury, poisoning and other adverse events","Intentional and unintentional injury, poisoning, and other adverse events","S00-T98, V01-X59, X60-X84, X85-Y09, Y10-Y36, Y40-Y89, U01-U03",45-54,0.0
5387,OH,"Intentional and unintentional injury, poisoning and other adverse events","Intentional and unintentional injury, poisoning, and other adverse events","S00-T98, V01-X59, X60-X84, X85-Y09, Y10-Y36, Y40-Y89, U01-U03",55-64,0.0
5388,OH,"Intentional and unintentional injury, poisoning and other adverse events","Intentional and unintentional injury, poisoning, and other adverse events","S00-T98, V01-X59, X60-X84, X85-Y09, Y10-Y36, Y40-Y89, U01-U03",65-74,0.0
5389,OH,"Intentional and unintentional injury, poisoning and other adverse events","Intentional and unintentional injury, poisoning, and other adverse events","S00-T98, V01-X59, X60-X84, X85-Y09, Y10-Y36, Y40-Y89, U01-U03",75-84,17.0
5390,OH,"Intentional and unintentional injury, poisoning and other adverse events","Intentional and unintentional injury, poisoning, and other adverse events","S00-T98, V01-X59, X60-X84, X85-Y09, Y10-Y36, Y40-Y89, U01-U03",85+,15.0
5537,OK,"Intentional and unintentional injury, poisoning and other adverse events","Intentional and unintentional injury, poisoning, and other adverse events","S00-T98, V01-X59, X60-X84, X85-Y09, Y10-Y36, Y40-Y89, U01-U03",55-64,0.0
5538,OK,"Intentional and unintentional injury, poisoning and other adverse events","Intentional and unintentional injury, poisoning, and other adverse events","S00-T98, V01-X59, X60-X84, X85-Y09, Y10-Y36, Y40-Y89, U01-U03",65-74,0.0
5539,OK,"Intentional and unintentional injury, poisoning and other adverse events","Intentional and unintentional injury, poisoning, and other adverse events","S00-T98, V01-X59, X60-X84, X85-Y09, Y10-Y36, Y40-Y89, U01-U03",75-84,0.0
5540,OK,"Intentional and unintentional injury, poisoning and other adverse events","Intentional and unintentional injury, poisoning, and other adverse events","S00-T98, V01-X59, X60-X84, X85-Y09, Y10-Y36, Y40-Y89, U01-U03",85+,0.0
5674,OR,"Intentional and unintentional injury, poisoning and other adverse events","Intentional and unintentional injury, poisoning, and other adverse events","S00-T98, V01-X59, X60-X84, X85-Y09, Y10-Y36, Y40-Y89, U01-U03",65-74,0.0
5675,OR,"Intentional and unintentional injury, poisoning and other adverse events","Intentional and unintentional injury, poisoning, and other adverse events","S00-T98, V01-X59, X60-X84, X85-Y09, Y10-Y36, Y40-Y89, U01-U03",75-84,0.0
5852,PA,"Intentional and unintentional injury, poisoning and other adverse events","Intentional and unintentional injury, poisoning, and other adverse events","S00-T98, V01-X59, X60-X84, X85-Y09, Y10-Y36, Y40-Y89, U01-U03",25-34,0.0
5853,PA,"Intentional and unintentional injury, poisoning and other adverse events","Intentional and unintentional injury, poisoning, and other adverse events","S00-T98, V01-X59, X60-X84, X85-Y09, Y10-Y36, Y40-Y89, U01-U03",35-44,10.0
5854,PA,"Intentional and unintentional injury, poisoning and other adverse events","Intentional and unintentional injury, poisoning, and other adverse events","S00-T98, V01-X59, X60-X84, X85-Y09, Y10-Y36, Y40-Y89, U01-U03",45-54,20.0
5855,PA,"Intentional and unintentional injury, poisoning and other adverse events","Intentional and unintentional injury, poisoning, and other adverse events","S00-T98, V01-X59, X60-X84, X85-Y09, Y10-Y36, Y40-Y89, U01-U03",55-64,23.0
5856,PA,"Intentional and unintentional injury, poisoning and other adverse events","Intentional and unintentional injury, poisoning, and other adverse events","S00-T98, V01-X59, X60-X84, X85-Y09, Y10-Y36, Y40-Y89, U01-U03",65-74,37.0
5857,PA,"Intentional and unintentional injury, poisoning and other adverse events","Intentional and unintentional injury, poisoning, and other adverse events","S00-T98, V01-X59, X60-X84, X85-Y09, Y10-Y36, Y40-Y89, U01-U03",75-84,46.0
5858,PA,"Intentional and unintentional injury, poisoning and other adverse events","Intentional and unintentional injury, poisoning, and other adverse events","S00-T98, V01-X59, X60-X84, X85-Y09, Y10-Y36, Y40-Y89, U01-U03",85+,114.0
5983,PR,"Intentional and unintentional injury, poisoning and other adverse events","Intentional and unintentional injury, poisoning, and other adverse events","S00-T98, V01-X59, X60-X84, X85-Y09, Y10-Y36, Y40-Y89, U01-U03",25-34,0.0
5984,PR,"Intentional and unintentional injury, poisoning and other adverse events","Intentional and unintentional injury, poisoning, and other adverse events","S00-T98, V01-X59, X60-X84, X85-Y09, Y10-Y36, Y40-Y89, U01-U03",45-54,0.0
5985,PR,"Intentional and unintentional injury, poisoning and other adverse events","Intentional and unintentional injury, poisoning, and other adverse events","S00-T98, V01-X59, X60-X84, X85-Y09, Y10-Y36, Y40-Y89, U01-U03",85+,0.0
6128,RI,"Intentional and unintentional injury, poisoning and other adverse events","Intentional and unintentional injury, poisoning, and other adverse events","S00-T98, V01-X59, X60-X84, X85-Y09, Y10-Y36, Y40-Y89, U01-U03",25-34,0.0
6129,RI,"Intentional and unintentional injury, poisoning and other adverse events","Intentional and unintentional injury, poisoning, and other adverse events","S00-T98, V01-X59, X60-X84, X85-Y09, Y10-Y36, Y40-Y89, U01-U03",35-44,0.0
6130,RI,"Intentional and unintentional injury, poisoning and other adverse events","Intentional and unintentional injury, poisoning, and other adverse events","S00-T98, V01-X59, X60-X84, X85-Y09, Y10-Y36, Y40-Y89, U01-U03",55-64,0.0
6131,RI,"Intentional and unintentional injury, poisoning and other adverse events","Intentional and unintentional injury, poisoning, and other adverse events","S00-T98, V01-X59, X60-X84, X85-Y09, Y10-Y36, Y40-Y89, U01-U03",65-74,0.0
6132,RI,"Intentional and unintentional injury, poisoning and other adverse events","Intentional and unintentional injury, poisoning, and other adverse events","S00-T98, V01-X59, X60-X84, X85-Y09, Y10-Y36, Y40-Y89, U01-U03",75-84,10.0
6133,RI,"Intentional and unintentional injury, poisoning and other adverse events","Intentional and unintentional injury, poisoning, and other adverse events","S00-T98, V01-X59, X60-X84, X85-Y09, Y10-Y36, Y40-Y89, U01-U03",85+,16.0
6287,SC,"Intentional and unintentional injury, poisoning and other adverse events","Intentional and unintentional injury, poisoning, and other adverse events","S00-T98, V01-X59, X60-X84, X85-Y09, Y10-Y36, Y40-Y89, U01-U03",35-44,0.0
6288,SC,"Intentional and unintentional injury, poisoning and other adverse events","Intentional and unintentional injury, poisoning, and other adverse events","S00-T98, V01-X59, X60-X84, X85-Y09, Y10-Y36, Y40-Y89, U01-U03",45-54,0.0
6289,SC,"Intentional and unintentional injury, poisoning and other adverse events","Intentional and unintentional injury, poisoning, and other adverse events","S00-T98, V01-X59, X60-X84, X85-Y09, Y10-Y36, Y40-Y89, U01-U03",55-64,0.0
6290,SC,"Intentional and unintentional injury, poisoning and other adverse events","Intentional and unintentional injury, poisoning, and other adverse events","S00-T98, V01-X59, X60-X84, X85-Y09, Y10-Y36, Y40-Y89, U01-U03",65-74,0.0
6291,SC,"Intentional and unintentional injury, poisoning and other adverse events","Intentional and unintentional injury, poisoning, and other adverse events","S00-T98, V01-X59, X60-X84, X85-Y09, Y10-Y36, Y40-Y89, U01-U03",75-84,15.0
6292,SC,"Intentional and unintentional injury, poisoning and other adverse events","Intentional and unintentional injury, poisoning, and other adverse events","S00-T98, V01-X59, X60-X84, X85-Y09, Y10-Y36, Y40-Y89, U01-U03",85+,19.0
6412,SD,"Intentional and unintentional injury, poisoning and other adverse events","Intentional and unintentional injury, poisoning, and other adverse events","S00-T98, V01-X59, X60-X84, X85-Y09, Y10-Y36, Y40-Y89, U01-U03",45-54,0.0
6413,SD,"Intentional and unintentional injury, poisoning and other adverse events","Intentional and unintentional injury, poisoning, and other adverse events","S00-T98, V01-X59, X60-X84, X85-Y09, Y10-Y36, Y40-Y89, U01-U03",55-64,0.0
6568,TN,"Intentional and unintentional injury, poisoning and other adverse events","Intentional and unintentional injury, poisoning, and other adverse events","S00-T98, V01-X59, X60-X84, X85-Y09, Y10-Y36, Y40-Y89, U01-U03",45-54,0.0
6569,TN,"Intentional and unintentional injury, poisoning and other adverse events","Intentional and unintentional injury, poisoning, and other adverse events","S00-T98, V01-X59, X60-X84, X85-Y09, Y10-Y36, Y40-Y89, U01-U03",55-64,0.0
6570,TN,"Intentional and unintentional injury, poisoning and other adverse events","Intentional and unintentional injury, poisoning, and other adverse events","S00-T98, V01-X59, X60-X84, X85-Y09, Y10-Y36, Y40-Y89, U01-U03",65-74,0.0
6571,TN,"Intentional and unintentional injury, poisoning and other adverse events","Intentional and unintentional injury, poisoning, and other adverse events","S00-T98, V01-X59, X60-X84, X85-Y09, Y10-Y36, Y40-Y89, U01-U03",75-84,0.0
6572,TN,"Intentional and unintentional injury, poisoning and other adverse events","Intentional and unintentional injury, poisoning, and other adverse events","S00-T98, V01-X59, X60-X84, X85-Y09, Y10-Y36, Y40-Y89, U01-U03",85+,0.0
6750,TX,"Intentional and unintentional injury, poisoning and other adverse events","Intentional and unintentional injury, poisoning, and other adverse events","S00-T98, V01-X59, X60-X84, X85-Y09, Y10-Y36, Y40-Y89, U01-U03",0-24,0.0
6751,TX,"Intentional and unintentional injury, poisoning and other adverse events","Intentional and unintentional injury, poisoning, and other adverse events","S00-T98, V01-X59, X60-X84, X85-Y09, Y10-Y36, Y40-Y89, U01-U03",25-34,0.0
6752,TX,"Intentional and unintentional injury, poisoning and other adverse events","Intentional and unintentional injury, poisoning, and other adverse events","S00-T98, V01-X59, X60-X84, X85-Y09, Y10-Y36, Y40-Y89, U01-U03",35-44,10.0
6753,TX,"Intentional and unintentional injury, poisoning and other adverse events","Intentional and unintentional injury, poisoning, and other adverse events","S00-T98, V01-X59, X60-X84, X85-Y09, Y10-Y36, Y40-Y89, U01-U03",45-54,0.0
6754,TX,"Intentional and unintentional injury, poisoning and other adverse events","Intentional and unintentional injury, poisoning, and other adverse events","S00-T98, V01-X59, X60-X84, X85-Y09, Y10-Y36, Y40-Y89, U01-U03",55-64,0.0
6755,TX,"Intentional and unintentional injury, poisoning and other adverse events","Intentional and unintentional injury, poisoning, and other adverse events","S00-T98, V01-X59, X60-X84, X85-Y09, Y10-Y36, Y40-Y89, U01-U03",65-74,22.0
6756,TX,"Intentional and unintentional injury, poisoning and other adverse events","Intentional and unintentional injury, poisoning, and other adverse events","S00-T98, V01-X59, X60-X84, X85-Y09, Y10-Y36, Y40-Y89, U01-U03",75-84,29.0
6757,TX,"Intentional and unintentional injury, poisoning and other adverse events","Intentional and unintentional injury, poisoning, and other adverse events","S00-T98, V01-X59, X60-X84, X85-Y09, Y10-Y36, Y40-Y89, U01-U03",85+,21.0
7115,UT,"Intentional and unintentional injury, poisoning and other adverse events","Intentional and unintentional injury, poisoning, and other adverse events","S00-T98, V01-X59, X60-X84, X85-Y09, Y10-Y36, Y40-Y89, U01-U03",65-74,0.0
7116,UT,"Intentional and unintentional injury, poisoning and other adverse events","Intentional and unintentional injury, poisoning, and other adverse events","S00-T98, V01-X59, X60-X84, X85-Y09, Y10-Y36, Y40-Y89, U01-U03",85+,0.0
7271,VA,"Intentional and unintentional injury, poisoning and other adverse events","Intentional and unintentional injury, poisoning, and other adverse events","S00-T98, V01-X59, X60-X84, X85-Y09, Y10-Y36, Y40-Y89, U01-U03",35-44,0.0
7272,VA,"Intentional and unintentional injury, poisoning and other adverse events","Intentional and unintentional injury, poisoning, and other adverse events","S00-T98, V01-X59, X60-X84, X85-Y09, Y10-Y36, Y40-Y89, U01-U03",45-54,0.0
7273,VA,"Intentional and unintentional injury, poisoning and other adverse events","Intentional and unintentional injury, poisoning, and other adverse events","S00-T98, V01-X59, X60-X84, X85-Y09, Y10-Y36, Y40-Y89, U01-U03",55-64,0.0
7274,VA,"Intentional and unintentional injury, poisoning and other adverse events","Intentional and unintentional injury, poisoning, and other adverse events","S00-T98, V01-X59, X60-X84, X85-Y09, Y10-Y36, Y40-Y89, U01-U03",65-74,13.0
7275,VA,"Intentional and unintentional injury, poisoning and other adverse events","Intentional and unintentional injury, poisoning, and other adverse events","S00-T98, V01-X59, X60-X84, X85-Y09, Y10-Y36, Y40-Y89, U01-U03",75-84,0.0
7276,VA,"Intentional and unintentional injury, poisoning and other adverse events","Intentional and unintentional injury, poisoning, and other adverse events","S00-T98, V01-X59, X60-X84, X85-Y09, Y10-Y36, Y40-Y89, U01-U03",85+,0.0
7530,WA,"Intentional and unintentional injury, poisoning and other adverse events","Intentional and unintentional injury, poisoning, and other adverse events","S00-T98, V01-X59, X60-X84, X85-Y09, Y10-Y36, Y40-Y89, U01-U03",45-54,0.0
7531,WA,"Intentional and unintentional injury, poisoning and other adverse events","Intentional and unintentional injury, poisoning, and other adverse events","S00-T98, V01-X59, X60-X84, X85-Y09, Y10-Y36, Y40-Y89, U01-U03",55-64,0.0
7532,WA,"Intentional and unintentional injury, poisoning and other adverse events","Intentional and unintentional injury, poisoning, and other adverse events","S00-T98, V01-X59, X60-X84, X85-Y09, Y10-Y36, Y40-Y89, U01-U03",65-74,13.0
7533,WA,"Intentional and unintentional injury, poisoning and other adverse events","Intentional and unintentional injury, poisoning, and other adverse events","S00-T98, V01-X59, X60-X84, X85-Y09, Y10-Y36, Y40-Y89, U01-U03",75-84,16.0
7534,WA,"Intentional and unintentional injury, poisoning and other adverse events","Intentional and unintentional injury, poisoning, and other adverse events","S00-T98, V01-X59, X60-X84, X85-Y09, Y10-Y36, Y40-Y89, U01-U03",85+,21.0
7683,WI,"Intentional and unintentional injury, poisoning and other adverse events","Intentional and unintentional injury, poisoning, and other adverse events","S00-T98, V01-X59, X60-X84, X85-Y09, Y10-Y36, Y40-Y89, U01-U03",65-74,0.0
7684,WI,"Intentional and unintentional injury, poisoning and other adverse events","Intentional and unintentional injury, poisoning, and other adverse events","S00-T98, V01-X59, X60-X84, X85-Y09, Y10-Y36, Y40-Y89, U01-U03",75-84,15.0
7685,WI,"Intentional and unintentional injury, poisoning and other adverse events","Intentional and unintentional injury, poisoning, and other adverse events","S00-T98, V01-X59, X60-X84, X85-Y09, Y10-Y36, Y40-Y89, U01-U03",85+,23.0
7791,WV,"Intentional and unintentional injury, poisoning and other adverse events","Intentional and unintentional injury, poisoning, and other adverse events","S00-T98, V01-X59, X60-X84, X85-Y09, Y10-Y36, Y40-Y89, U01-U03",65-74,0.0
7792,WV,"Intentional and unintentional injury, poisoning and other adverse events","Intentional and unintentional injury, poisoning, and other adverse events","S00-T98, V01-X59, X60-X84, X85-Y09, Y10-Y36, Y40-Y89, U01-U03",85+,0.0
