,State,Condition Group,Condition,ICD10_codes,Age Group,Number of COVID-19 Deaths
25,AK,Malignant neoplasms,Malignant neoplasms,C00-C97,75-84,0.0
26,AK,Malignant neoplasms,Malignant neoplasms,C00-C97,85+,0.0
152,AL,Malignant neoplasms,Malignant neoplasms,C00-C97,35-44,0.0
153,AL,Malignant neoplasms,Malignant neoplasms,C00-C97,55-64,0.0
154,AL,Malignant neoplasms,Malignant neoplasms,C00-C97,65-74,10.0
155,AL,Malignant neoplasms,Malignant neoplasms,C00-C97,75-84,0.0
156,AL,Malignant neoplasms,Malignant neoplasms,C00-C97,85+,0.0
302,AR,Malignant neoplasms,Malignant neoplasms,C00-C97,0-24,0.0
303,AR,Malignant neoplasms,Malignant neoplasms,C00-C97,55-64,0.0
304,AR,Malignant neoplasms,Malignant neoplasms,C00-C97,65-74,0.0
305,AR,Malignant neoplasms,Malignant neoplasms,C00-C97,75-84,0.0
306,AR,Malignant neoplasms,Malignant neoplasms,C00-C97,85+,0.0
472,AZ,Malignant neoplasms,Malignant neoplasms,C00-C97,45-54,0.0
473,AZ,Malignant neoplasms,Malignant neoplasms,C00-C97,55-64,11.0
474,AZ,Malignant neoplasms,Malignant neoplasms,C00-C97,65-74,18.0
475,AZ,Malignant neoplasms,Malignant neoplasms,C00-C97,75-84,25.0
476,AZ,Malignant neoplasms,Malignant neoplasms,C00-C97,85+,17.0
654,CA,Malignant neoplasms,Malignant neoplasms,C00-C97,25-34,0.0
655,CA,Malignant neoplasms,Malignant neoplasms,C00-C97,35-44,0.0
656,CA,Malignant neoplasms,Malignant neoplasms,C00-C97,45-54,10.0
657,CA,Malignant neoplasms,Malignant neoplasms,C00-C97,55-64,40.0
658,CA,Malignant neoplasms,Malignant neoplasms,C00-C97,65-74,76.0
659,CA,Malignant neoplasms,Malignant neoplasms,C00-C97,75-84,84.0
660,CA,Malignant neoplasms,Malignant neoplasms,C00-C97,85+,61.0
833,CO,Malignant neoplasms,Malignant neoplasms,C00-C97,45-54,0.0
834,CO,Malignant neoplasms,Malignant neoplasms,C00-C97,55-64,0.0
835,CO,Malignant neoplasms,Malignant neoplasms,C00-C97,65-74,18.0
836,CO,Malignant neoplasms,Malignant neoplasms,C00-C97,75-84,30.0
837,CO,Malignant neoplasms,Malignant neoplasms,C00-C97,85+,28.0
1006,CT,Malignant neoplasms,Malignant neoplasms,C00-C97,35-44,0.0
1007,CT,Malignant neoplasms,Malignant neoplasms,C00-C97,45-54,0.0
1008,CT,Malignant neoplasms,Malignant neoplasms,C00-C97,55-64,12.0
1009,CT,Malignant neoplasms,Malignant neoplasms,C00-C97,65-74,40.0
1010,CT,Malignant neoplasms,Malignant neoplasms,C00-C97,75-84,46.0
1011,CT,Malignant neoplasms,Malignant neoplasms,C00-C97,85+,43.0
1145,DC,Malignant neoplasms,Malignant neoplasms,C00-C97,45-54,0.0
1146,DC,Malignant neoplasms,Malignant neoplasms,C00-C97,55-64,0.0
1147,DC,Malignant neoplasms,Malignant neoplasms,C00-C97,65-74,17.0
1148,DC,Malignant neoplasms,Malignant neoplasms,C00-C97,75-84,17.0
1149,DC,Malignant neoplasms,Malignant neoplasms,C00-C97,85+,10.0
1285,DE,Malignant neoplasms,Malignant neoplasms,C00-C97,45-54,0.0
1286,DE,Malignant neoplasms,Malignant neoplasms,C00-C97,55-64,0.0
1287,DE,Malignant neoplasms,Malignant neoplasms,C00-C97,65-74,0.0
1288,DE,Malignant neoplasms,Malignant neoplasms,C00-C97,75-84,0.0
1435,FL,Malignant neoplasms,Malignant neoplasms,C00-C97,35-44,0.0
1436,FL,Malignant neoplasms,Malignant neoplasms,C00-C97,45-54,0.0
1437,FL,Malignant neoplasms,Malignant neoplasms,C00-C97,55-64,27.0
1438,FL,Malignant neoplasms,Malignant neoplasms,C00-C97,65-74,51.0
1439,FL,Malignant neoplasms,Malignant neoplasms,C00-C97,75-84,90.0
1440,FL,Malignant neoplasms,Malignant neoplasms,C00-C97,85+,72.0
1616,GA,Malignant neoplasms,Malignant neoplasms,C00-C97,35-44,0.0
1617,GA,Malignant neoplasms,Malignant neoplasms,C00-C97,45-54,0.0
1618,GA,Malignant neoplasms,Malignant neoplasms,C00-C97,55-64,14.0
1619,GA,Malignant neoplasms,Malignant neoplasms,C00-C97,65-74,21.0
1620,GA,Malignant neoplasms,Malignant neoplasms,C00-C97,75-84,33.0
1621,GA,Malignant neoplasms,Malignant neoplasms,C00-C97,85+,16.0
1720,HI,Malignant neoplasms,Malignant neoplasms,C00-C97,65-74,0.0
1721,HI,Malignant neoplasms,Malignant neoplasms,C00-C97,75-84,0.0
1840,IA,Malignant neoplasms,Malignant neoplasms,C00-C97,25-34,0.0
1841,IA,Malignant neoplasms,Malignant neoplasms,C00-C97,55-64,0.0
1842,IA,Malignant neoplasms,Malignant neoplasms,C00-C97,65-74,0.0
1843,IA,Malignant neoplasms,Malignant neoplasms,C00-C97,75-84,0.0
1844,IA,Malignant neoplasms,Malignant neoplasms,C00-C97,85+,0.0
1956,ID,Malignant neoplasms,Malignant neoplasms,C00-C97,65-74,0.0
1957,ID,Malignant neoplasms,Malignant neoplasms,C00-C97,85+,0.0
2099,IL,Malignant neoplasms,Malignant neoplasms,C00-C97,25-34,0.0
2100,IL,Malignant neoplasms,Malignant neoplasms,C00-C97,35-44,0.0
2101,IL,Malignant neoplasms,Malignant neoplasms,C00-C97,45-54,14.0
2102,IL,Malignant neoplasms,Malignant neoplasms,C00-C97,55-64,51.0
2103,IL,Malignant neoplasms,Malignant neoplasms,C00-C97,65-74,64.0
2104,IL,Malignant neoplasms,Malignant neoplasms,C00-C97,75-84,81.0
2105,IL,Malignant neoplasms,Malignant neoplasms,C00-C97,85+,54.0
2274,IN,Malignant neoplasms,Malignant neoplasms,C00-C97,35-44,0.0
2275,IN,Malignant neoplasms,Malignant neoplasms,C00-C97,45-54,0.0
2276,IN,Malignant neoplasms,Malignant neoplasms,C00-C97,55-64,12.0
2277,IN,Malignant neoplasms,Malignant neoplasms,C00-C97,65-74,35.0
2278,IN,Malignant neoplasms,Malignant neoplasms,C00-C97,75-84,42.0
2279,IN,Malignant neoplasms,Malignant neoplasms,C00-C97,85+,27.0
2429,KS,Malignant neoplasms,Malignant neoplasms,C00-C97,25-34,0.0
2430,KS,Malignant neoplasms,Malignant neoplasms,C00-C97,45-54,0.0
2431,KS,Malignant neoplasms,Malignant neoplasms,C00-C97,55-64,0.0
2432,KS,Malignant neoplasms,Malignant neoplasms,C00-C97,65-74,0.0
2433,KS,Malignant neoplasms,Malignant neoplasms,C00-C97,75-84,0.0
2434,KS,Malignant neoplasms,Malignant neoplasms,C00-C97,85+,0.0
2570,KY,Malignant neoplasms,Malignant neoplasms,C00-C97,45-54,0.0
2571,KY,Malignant neoplasms,Malignant neoplasms,C00-C97,55-64,0.0
2572,KY,Malignant neoplasms,Malignant neoplasms,C00-C97,65-74,12.0
2573,KY,Malignant neoplasms,Malignant neoplasms,C00-C97,75-84,11.0
2574,KY,Malignant neoplasms,Malignant neoplasms,C00-C97,85+,0.0
2741,LA,Malignant neoplasms,Malignant neoplasms,C00-C97,35-44,0.0
2742,LA,Malignant neoplasms,Malignant neoplasms,C00-C97,45-54,0.0
2743,LA,Malignant neoplasms,Malignant neoplasms,C00-C97,55-64,19.0
2744,LA,Malignant neoplasms,Malignant neoplasms,C00-C97,65-74,28.0
2745,LA,Malignant neoplasms,Malignant neoplasms,C00-C97,75-84,33.0
2746,LA,Malignant neoplasms,Malignant neoplasms,C00-C97,85+,16.0
2923,MA,Malignant neoplasms,Malignant neoplasms,C00-C97,0-24,0.0
2924,MA,Malignant neoplasms,Malignant neoplasms,C00-C97,45-54,11.0
2925,MA,Malignant neoplasms,Malignant neoplasms,C00-C97,55-64,26.0
2926,MA,Malignant neoplasms,Malignant neoplasms,C00-C97,65-74,71.0
2927,MA,Malignant neoplasms,Malignant neoplasms,C00-C97,75-84,90.0
2928,MA,Malignant neoplasms,Malignant neoplasms,C00-C97,85+,99.0
3106,MD,Malignant neoplasms,Malignant neoplasms,C00-C97,25-34,0.0
3107,MD,Malignant neoplasms,Malignant neoplasms,C00-C97,35-44,0.0
3108,MD,Malignant neoplasms,Malignant neoplasms,C00-C97,45-54,0.0
3109,MD,Malignant neoplasms,Malignant neoplasms,C00-C97,55-64,21.0
3110,MD,Malignant neoplasms,Malignant neoplasms,C00-C97,65-74,49.0
3111,MD,Malignant neoplasms,Malignant neoplasms,C00-C97,75-84,52.0
3112,MD,Malignant neoplasms,Malignant neoplasms,C00-C97,85+,53.0
3237,ME,Malignant neoplasms,Malignant neoplasms,C00-C97,75-84,0.0
3381,MI,Malignant neoplasms,Malignant neoplasms,C00-C97,25-34,0.0
3382,MI,Malignant neoplasms,Malignant neoplasms,C00-C97,35-44,0.0
3383,MI,Malignant neoplasms,Malignant neoplasms,C00-C97,45-54,0.0
3384,MI,Malignant neoplasms,Malignant neoplasms,C00-C97,55-64,33.0
3385,MI,Malignant neoplasms,Malignant neoplasms,C00-C97,65-74,60.0
3386,MI,Malignant neoplasms,Malignant neoplasms,C00-C97,75-84,49.0
3387,MI,Malignant neoplasms,Malignant neoplasms,C00-C97,85+,44.0
3542,MN,Malignant neoplasms,Malignant neoplasms,C00-C97,45-54,0.0
3543,MN,Malignant neoplasms,Malignant neoplasms,C00-C97,55-64,10.0
3544,MN,Malignant neoplasms,Malignant neoplasms,C00-C97,65-74,12.0
3545,MN,Malignant neoplasms,Malignant neoplasms,C00-C97,75-84,23.0
3546,MN,Malignant neoplasms,Malignant neoplasms,C00-C97,85+,32.0
3697,MO,Malignant neoplasms,Malignant neoplasms,C00-C97,45-54,0.0
3698,MO,Malignant neoplasms,Malignant neoplasms,C00-C97,55-64,0.0
3699,MO,Malignant neoplasms,Malignant neoplasms,C00-C97,65-74,14.0
3700,MO,Malignant neoplasms,Malignant neoplasms,C00-C97,75-84,0.0
3701,MO,Malignant neoplasms,Malignant neoplasms,C00-C97,85+,0.0
3879,MS,Malignant neoplasms,Malignant neoplasms,C00-C97,45-54,0.0
3880,MS,Malignant neoplasms,Malignant neoplasms,C00-C97,55-64,11.0
3881,MS,Malignant neoplasms,Malignant neoplasms,C00-C97,65-74,15.0
3882,MS,Malignant neoplasms,Malignant neoplasms,C00-C97,75-84,0.0
3883,MS,Malignant neoplasms,Malignant neoplasms,C00-C97,85+,12.0
3984,MT,Malignant neoplasms,Malignant neoplasms,C00-C97,85+,0.0
4112,NC,Malignant neoplasms,Malignant neoplasms,C00-C97,45-54,0.0
4113,NC,Malignant neoplasms,Malignant neoplasms,C00-C97,55-64,10.0
4114,NC,Malignant neoplasms,Malignant neoplasms,C00-C97,65-74,13.0
4115,NC,Malignant neoplasms,Malignant neoplasms,C00-C97,75-84,19.0
4116,NC,Malignant neoplasms,Malignant neoplasms,C00-C97,85+,10.0
4238,ND,Malignant neoplasms,Malignant neoplasms,C00-C97,55-64,0.0
4239,ND,Malignant neoplasms,Malignant neoplasms,C00-C97,65-74,0.0
4240,ND,Malignant neoplasms,Malignant neoplasms,C00-C97,85+,0.0
4364,NE,Malignant neoplasms,Malignant neoplasms,C00-C97,45-54,0.0
4365,NE,Malignant neoplasms,Malignant neoplasms,C00-C97,55-64,0.0
4366,NE,Malignant neoplasms,Malignant neoplasms,C00-C97,65-74,0.0
4367,NE,Malignant neoplasms,Malignant neoplasms,C00-C97,75-84,0.0
4368,NE,Malignant neoplasms,Malignant neoplasms,C00-C97,85+,0.0
4502,NH,Malignant neoplasms,Malignant neoplasms,C00-C97,65-74,0.0
4503,NH,Malignant neoplasms,Malignant neoplasms,C00-C97,75-84,0.0
4504,NH,Malignant neoplasms,Malignant neoplasms,C00-C97,85+,10.0
4668,NJ,Malignant neoplasms,Malignant neoplasms,C00-C97,0-24,0.0
4669,NJ,Malignant neoplasms,Malignant neoplasms,C00-C97,25-34,0.0
4670,NJ,Malignant neoplasms,Malignant neoplasms,C00-C97,35-44,0.0
4671,NJ,Malignant neoplasms,Malignant neoplasms,C00-C97,45-54,18.0
4672,NJ,Malignant neoplasms,Malignant neoplasms,C00-C97,55-64,77.0
4673,NJ,Malignant neoplasms,Malignant neoplasms,C00-C97,65-74,139.0
4674,NJ,Malignant neoplasms,Malignant neoplasms,C00-C97,75-84,160.0
4675,NJ,Malignant neoplasms,Malignant neoplasms,C00-C97,85+,157.0
4838,NM,Malignant neoplasms,Malignant neoplasms,C00-C97,45-54,0.0
4839,NM,Malignant neoplasms,Malignant neoplasms,C00-C97,65-74,0.0
4840,NM,Malignant neoplasms,Malignant neoplasms,C00-C97,75-84,0.0
4841,NM,Malignant neoplasms,Malignant neoplasms,C00-C97,85+,0.0
4986,NV,Malignant neoplasms,Malignant neoplasms,C00-C97,55-64,0.0
4987,NV,Malignant neoplasms,Malignant neoplasms,C00-C97,65-74,11.0
4988,NV,Malignant neoplasms,Malignant neoplasms,C00-C97,75-84,0.0
4989,NV,Malignant neoplasms,Malignant neoplasms,C00-C97,85+,0.0
5168,NY,Malignant neoplasms,Malignant neoplasms,C00-C97,0-24,0.0
5169,NY,Malignant neoplasms,Malignant neoplasms,C00-C97,25-34,0.0
5170,NY,Malignant neoplasms,Malignant neoplasms,C00-C97,35-44,0.0
5171,NY,Malignant neoplasms,Malignant neoplasms,C00-C97,45-54,14.0
5172,NY,Malignant neoplasms,Malignant neoplasms,C00-C97,55-64,58.0
5173,NY,Malignant neoplasms,Malignant neoplasms,C00-C97,65-74,112.0
5174,NY,Malignant neoplasms,Malignant neoplasms,C00-C97,75-84,136.0
5175,NY,Malignant neoplasms,Malignant neoplasms,C00-C97,85+,120.0
5346,OH,Malignant neoplasms,Malignant neoplasms,C00-C97,35-44,0.0
5347,OH,Malignant neoplasms,Malignant neoplasms,C00-C97,45-54,0.0
5348,OH,Malignant neoplasms,Malignant neoplasms,C00-C97,55-64,14.0
5349,OH,Malignant neoplasms,Malignant neoplasms,C00-C97,65-74,27.0
5350,OH,Malignant neoplasms,Malignant neoplasms,C00-C97,75-84,26.0
5351,OH,Malignant neoplasms,Malignant neoplasms,C00-C97,85+,14.0
5500,OK,Malignant neoplasms,Malignant neoplasms,C00-C97,55-64,0.0
5501,OK,Malignant neoplasms,Malignant neoplasms,C00-C97,65-74,0.0
5502,OK,Malignant neoplasms,Malignant neoplasms,C00-C97,75-84,0.0
5503,OK,Malignant neoplasms,Malignant neoplasms,C00-C97,85+,0.0
5643,OR,Malignant neoplasms,Malignant neoplasms,C00-C97,35-44,0.0
5644,OR,Malignant neoplasms,Malignant neoplasms,C00-C97,55-64,0.0
5645,OR,Malignant neoplasms,Malignant neoplasms,C00-C97,65-74,0.0
5646,OR,Malignant neoplasms,Malignant neoplasms,C00-C97,75-84,10.0
5647,OR,Malignant neoplasms,Malignant neoplasms,C00-C97,85+,0.0
5808,PA,Malignant neoplasms,Malignant neoplasms,C00-C97,0-24,0.0
5809,PA,Malignant neoplasms,Malignant neoplasms,C00-C97,25-34,0.0
5810,PA,Malignant neoplasms,Malignant neoplasms,C00-C97,35-44,0.0
5811,PA,Malignant neoplasms,Malignant neoplasms,C00-C97,45-54,0.0
5812,PA,Malignant neoplasms,Malignant neoplasms,C00-C97,55-64,29.0
5813,PA,Malignant neoplasms,Malignant neoplasms,C00-C97,65-74,66.0
5814,PA,Malignant neoplasms,Malignant neoplasms,C00-C97,75-84,80.0
5815,PA,Malignant neoplasms,Malignant neoplasms,C00-C97,85+,110.0
5956,PR,Malignant neoplasms,Malignant neoplasms,C00-C97,55-64,0.0
5957,PR,Malignant neoplasms,Malignant neoplasms,C00-C97,65-74,0.0
5958,PR,Malignant neoplasms,Malignant neoplasms,C00-C97,75-84,0.0
6091,RI,Malignant neoplasms,Malignant neoplasms,C00-C97,0-24,0.0
6092,RI,Malignant neoplasms,Malignant neoplasms,C00-C97,35-44,0.0
6093,RI,Malignant neoplasms,Malignant neoplasms,C00-C97,55-64,0.0
6094,RI,Malignant neoplasms,Malignant neoplasms,C00-C97,65-74,11.0
6095,RI,Malignant neoplasms,Malignant neoplasms,C00-C97,75-84,18.0
6096,RI,Malignant neoplasms,Malignant neoplasms,C00-C97,85+,18.0
6252,SC,Malignant neoplasms,Malignant neoplasms,C00-C97,55-64,0.0
6253,SC,Malignant neoplasms,Malignant neoplasms,C00-C97,65-74,13.0
6254,SC,Malignant neoplasms,Malignant neoplasms,C00-C97,75-84,14.0
6255,SC,Malignant neoplasms,Malignant neoplasms,C00-C97,85+,0.0
6386,SD,Malignant neoplasms,Malignant neoplasms,C00-C97,55-64,0.0
6387,SD,Malignant neoplasms,Malignant neoplasms,C00-C97,85+,0.0
6531,TN,Malignant neoplasms,Malignant neoplasms,C00-C97,35-44,0.0
6532,TN,Malignant neoplasms,Malignant neoplasms,C00-C97,55-64,0.0
6533,TN,Malignant neoplasms,Malignant neoplasms,C00-C97,65-74,0.0
6534,TN,Malignant neoplasms,Malignant neoplasms,C00-C97,75-84,0.0
6535,TN,Malignant neoplasms,Malignant neoplasms,C00-C97,85+,0.0
6707,TX,Malignant neoplasms,Malignant neoplasms,C00-C97,0-24,0.0
6708,TX,Malignant neoplasms,Malignant neoplasms,C00-C97,35-44,0.0
6709,TX,Malignant neoplasms,Malignant neoplasms,C00-C97,45-54,11.0
6710,TX,Malignant neoplasms,Malignant neoplasms,C00-C97,55-64,27.0
6711,TX,Malignant neoplasms,Malignant neoplasms,C00-C97,65-74,40.0
6712,TX,Malignant neoplasms,Malignant neoplasms,C00-C97,75-84,41.0
6713,TX,Malignant neoplasms,Malignant neoplasms,C00-C97,85+,24.0
7081,UT,Malignant neoplasms,Malignant neoplasms,C00-C97,35-44,0.0
7082,UT,Malignant neoplasms,Malignant neoplasms,C00-C97,45-54,0.0
7083,UT,Malignant neoplasms,Malignant neoplasms,C00-C97,55-64,0.0
7084,UT,Malignant neoplasms,Malignant neoplasms,C00-C97,65-74,0.0
7085,UT,Malignant neoplasms,Malignant neoplasms,C00-C97,75-84,0.0
7233,VA,Malignant neoplasms,Malignant neoplasms,C00-C97,35-44,0.0
7234,VA,Malignant neoplasms,Malignant neoplasms,C00-C97,45-54,0.0
7235,VA,Malignant neoplasms,Malignant neoplasms,C00-C97,55-64,0.0
7236,VA,Malignant neoplasms,Malignant neoplasms,C00-C97,65-74,22.0
7237,VA,Malignant neoplasms,Malignant neoplasms,C00-C97,75-84,30.0
7238,VA,Malignant neoplasms,Malignant neoplasms,C00-C97,85+,20.0
7348,VT,Malignant neoplasms,Malignant neoplasms,C00-C97,65-74,0.0
7490,WA,Malignant neoplasms,Malignant neoplasms,C00-C97,0-24,0.0
7491,WA,Malignant neoplasms,Malignant neoplasms,C00-C97,35-44,0.0
7492,WA,Malignant neoplasms,Malignant neoplasms,C00-C97,55-64,0.0
7493,WA,Malignant neoplasms,Malignant neoplasms,C00-C97,65-74,23.0
7494,WA,Malignant neoplasms,Malignant neoplasms,C00-C97,75-84,13.0
7495,WA,Malignant neoplasms,Malignant neoplasms,C00-C97,85+,26.0
7641,WI,Malignant neoplasms,Malignant neoplasms,C00-C97,0-24,0.0
7642,WI,Malignant neoplasms,Malignant neoplasms,C00-C97,25-34,0.0
7643,WI,Malignant neoplasms,Malignant neoplasms,C00-C97,45-54,0.0
7644,WI,Malignant neoplasms,Malignant neoplasms,C00-C97,55-64,0.0
7645,WI,Malignant neoplasms,Malignant neoplasms,C00-C97,65-74,13.0
7646,WI,Malignant neoplasms,Malignant neoplasms,C00-C97,75-84,21.0
7647,WI,Malignant neoplasms,Malignant neoplasms,C00-C97,85+,15.0
7764,WV,Malignant neoplasms,Malignant neoplasms,C00-C97,45-54,0.0
7765,WV,Malignant neoplasms,Malignant neoplasms,C00-C97,55-64,0.0
7766,WV,Malignant neoplasms,Malignant neoplasms,C00-C97,65-74,0.0
