,State,Condition Group,Condition,ICD10_codes,Age Group,Number of COVID-19 Deaths
166,AL,Obesity,Obesity,E65-E68,25-34,0.0
167,AL,Obesity,Obesity,E65-E68,35-44,0.0
168,AL,Obesity,Obesity,E65-E68,45-54,0.0
169,AL,Obesity,Obesity,E65-E68,55-64,0.0
170,AL,Obesity,Obesity,E65-E68,65-74,0.0
171,AL,Obesity,Obesity,E65-E68,75-84,0.0
316,AR,Obesity,Obesity,E65-E68,0-24,0.0
317,AR,Obesity,Obesity,E65-E68,25-34,0.0
318,AR,Obesity,Obesity,E65-E68,35-44,0.0
319,AR,Obesity,Obesity,E65-E68,45-54,0.0
320,AR,Obesity,Obesity,E65-E68,55-64,0.0
321,AR,Obesity,Obesity,E65-E68,75-84,0.0
486,AZ,Obesity,Obesity,E65-E68,0-24,0.0
487,AZ,Obesity,Obesity,E65-E68,25-34,0.0
488,AZ,Obesity,Obesity,E65-E68,35-44,15.0
489,AZ,Obesity,Obesity,E65-E68,45-54,18.0
490,AZ,Obesity,Obesity,E65-E68,55-64,23.0
491,AZ,Obesity,Obesity,E65-E68,65-74,20.0
492,AZ,Obesity,Obesity,E65-E68,75-84,0.0
671,CA,Obesity,Obesity,E65-E68,0-24,0.0
672,CA,Obesity,Obesity,E65-E68,25-34,19.0
673,CA,Obesity,Obesity,E65-E68,35-44,30.0
674,CA,Obesity,Obesity,E65-E68,45-54,42.0
675,CA,Obesity,Obesity,E65-E68,55-64,50.0
676,CA,Obesity,Obesity,E65-E68,65-74,43.0
677,CA,Obesity,Obesity,E65-E68,75-84,21.0
678,CA,Obesity,Obesity,E65-E68,85+,0.0
848,CO,Obesity,Obesity,E65-E68,0-24,0.0
849,CO,Obesity,Obesity,E65-E68,25-34,0.0
850,CO,Obesity,Obesity,E65-E68,35-44,0.0
851,CO,Obesity,Obesity,E65-E68,45-54,12.0
852,CO,Obesity,Obesity,E65-E68,55-64,12.0
853,CO,Obesity,Obesity,E65-E68,65-74,21.0
854,CO,Obesity,Obesity,E65-E68,75-84,0.0
1022,CT,Obesity,Obesity,E65-E68,0-24,0.0
1023,CT,Obesity,Obesity,E65-E68,25-34,0.0
1024,CT,Obesity,Obesity,E65-E68,35-44,0.0
1025,CT,Obesity,Obesity,E65-E68,45-54,0.0
1026,CT,Obesity,Obesity,E65-E68,55-64,21.0
1027,CT,Obesity,Obesity,E65-E68,65-74,16.0
1028,CT,Obesity,Obesity,E65-E68,75-84,13.0
1029,CT,Obesity,Obesity,E65-E68,85+,0.0
1159,DC,Obesity,Obesity,E65-E68,25-34,0.0
1160,DC,Obesity,Obesity,E65-E68,35-44,0.0
1161,DC,Obesity,Obesity,E65-E68,45-54,10.0
1162,DC,Obesity,Obesity,E65-E68,55-64,0.0
1163,DC,Obesity,Obesity,E65-E68,65-74,0.0
1164,DC,Obesity,Obesity,E65-E68,75-84,0.0
1165,DC,Obesity,Obesity,E65-E68,85+,0.0
1294,DE,Obesity,Obesity,E65-E68,55-64,0.0
1451,FL,Obesity,Obesity,E65-E68,0-24,0.0
1452,FL,Obesity,Obesity,E65-E68,25-34,10.0
1453,FL,Obesity,Obesity,E65-E68,35-44,17.0
1454,FL,Obesity,Obesity,E65-E68,45-54,34.0
1455,FL,Obesity,Obesity,E65-E68,55-64,59.0
1456,FL,Obesity,Obesity,E65-E68,65-74,71.0
1457,FL,Obesity,Obesity,E65-E68,75-84,51.0
1458,FL,Obesity,Obesity,E65-E68,85+,13.0
1631,GA,Obesity,Obesity,E65-E68,25-34,0.0
1632,GA,Obesity,Obesity,E65-E68,35-44,0.0
1633,GA,Obesity,Obesity,E65-E68,45-54,0.0
1634,GA,Obesity,Obesity,E65-E68,55-64,13.0
1635,GA,Obesity,Obesity,E65-E68,65-74,18.0
1636,GA,Obesity,Obesity,E65-E68,75-84,0.0
1637,GA,Obesity,Obesity,E65-E68,85+,0.0
1853,IA,Obesity,Obesity,E65-E68,0-24,0.0
1854,IA,Obesity,Obesity,E65-E68,25-34,0.0
1855,IA,Obesity,Obesity,E65-E68,35-44,0.0
1856,IA,Obesity,Obesity,E65-E68,45-54,0.0
1857,IA,Obesity,Obesity,E65-E68,55-64,0.0
1858,IA,Obesity,Obesity,E65-E68,65-74,0.0
1859,IA,Obesity,Obesity,E65-E68,75-84,0.0
1860,IA,Obesity,Obesity,E65-E68,85+,0.0
1964,ID,Obesity,Obesity,E65-E68,65-74,0.0
1965,ID,Obesity,Obesity,E65-E68,85+,0.0
2116,IL,Obesity,Obesity,E65-E68,0-24,0.0
2117,IL,Obesity,Obesity,E65-E68,25-34,23.0
2118,IL,Obesity,Obesity,E65-E68,35-44,45.0
2119,IL,Obesity,Obesity,E65-E68,45-54,78.0
2120,IL,Obesity,Obesity,E65-E68,55-64,83.0
2121,IL,Obesity,Obesity,E65-E68,65-74,93.0
2122,IL,Obesity,Obesity,E65-E68,75-84,37.0
2123,IL,Obesity,Obesity,E65-E68,85+,17.0
2289,IN,Obesity,Obesity,E65-E68,0-24,0.0
2290,IN,Obesity,Obesity,E65-E68,25-34,0.0
2291,IN,Obesity,Obesity,E65-E68,35-44,0.0
2292,IN,Obesity,Obesity,E65-E68,45-54,0.0
2293,IN,Obesity,Obesity,E65-E68,55-64,17.0
2294,IN,Obesity,Obesity,E65-E68,65-74,19.0
2295,IN,Obesity,Obesity,E65-E68,75-84,13.0
2296,IN,Obesity,Obesity,E65-E68,85+,0.0
2442,KS,Obesity,Obesity,E65-E68,35-44,0.0
2443,KS,Obesity,Obesity,E65-E68,45-54,0.0
2444,KS,Obesity,Obesity,E65-E68,55-64,0.0
2445,KS,Obesity,Obesity,E65-E68,65-74,0.0
2446,KS,Obesity,Obesity,E65-E68,75-84,0.0
2583,KY,Obesity,Obesity,E65-E68,35-44,0.0
2584,KY,Obesity,Obesity,E65-E68,55-64,0.0
2585,KY,Obesity,Obesity,E65-E68,65-74,0.0
2586,KY,Obesity,Obesity,E65-E68,75-84,0.0
2587,KY,Obesity,Obesity,E65-E68,85+,0.0
2757,LA,Obesity,Obesity,E65-E68,0-24,0.0
2758,LA,Obesity,Obesity,E65-E68,25-34,0.0
2759,LA,Obesity,Obesity,E65-E68,35-44,14.0
2760,LA,Obesity,Obesity,E65-E68,45-54,26.0
2761,LA,Obesity,Obesity,E65-E68,55-64,21.0
2762,LA,Obesity,Obesity,E65-E68,65-74,18.0
2763,LA,Obesity,Obesity,E65-E68,75-84,23.0
2764,LA,Obesity,Obesity,E65-E68,85+,0.0
2938,MA,Obesity,Obesity,E65-E68,25-34,0.0
2939,MA,Obesity,Obesity,E65-E68,35-44,0.0
2940,MA,Obesity,Obesity,E65-E68,45-54,0.0
2941,MA,Obesity,Obesity,E65-E68,55-64,22.0
2942,MA,Obesity,Obesity,E65-E68,65-74,23.0
2943,MA,Obesity,Obesity,E65-E68,75-84,11.0
2944,MA,Obesity,Obesity,E65-E68,85+,0.0
3123,MD,Obesity,Obesity,E65-E68,25-34,10.0
3124,MD,Obesity,Obesity,E65-E68,35-44,14.0
3125,MD,Obesity,Obesity,E65-E68,45-54,29.0
3126,MD,Obesity,Obesity,E65-E68,55-64,27.0
3127,MD,Obesity,Obesity,E65-E68,65-74,33.0
3128,MD,Obesity,Obesity,E65-E68,75-84,15.0
3129,MD,Obesity,Obesity,E65-E68,85+,0.0
3397,MI,Obesity,Obesity,E65-E68,25-34,0.0
3398,MI,Obesity,Obesity,E65-E68,35-44,17.0
3399,MI,Obesity,Obesity,E65-E68,45-54,31.0
3400,MI,Obesity,Obesity,E65-E68,55-64,40.0
3401,MI,Obesity,Obesity,E65-E68,65-74,31.0
3402,MI,Obesity,Obesity,E65-E68,75-84,13.0
3403,MI,Obesity,Obesity,E65-E68,85+,0.0
3556,MN,Obesity,Obesity,E65-E68,25-34,0.0
3557,MN,Obesity,Obesity,E65-E68,35-44,0.0
3558,MN,Obesity,Obesity,E65-E68,45-54,0.0
3559,MN,Obesity,Obesity,E65-E68,55-64,10.0
3560,MN,Obesity,Obesity,E65-E68,65-74,16.0
3561,MN,Obesity,Obesity,E65-E68,75-84,0.0
3562,MN,Obesity,Obesity,E65-E68,85+,0.0
3711,MO,Obesity,Obesity,E65-E68,45-54,0.0
3712,MO,Obesity,Obesity,E65-E68,55-64,0.0
3713,MO,Obesity,Obesity,E65-E68,65-74,0.0
3714,MO,Obesity,Obesity,E65-E68,75-84,0.0
3893,MS,Obesity,Obesity,E65-E68,25-34,0.0
3894,MS,Obesity,Obesity,E65-E68,35-44,0.0
3895,MS,Obesity,Obesity,E65-E68,45-54,0.0
3896,MS,Obesity,Obesity,E65-E68,55-64,0.0
3897,MS,Obesity,Obesity,E65-E68,65-74,0.0
3898,MS,Obesity,Obesity,E65-E68,75-84,0.0
3899,MS,Obesity,Obesity,E65-E68,85+,0.0
3990,MT,Obesity,Obesity,E65-E68,25-34,0.0
3991,MT,Obesity,Obesity,E65-E68,75-84,0.0
4126,NC,Obesity,Obesity,E65-E68,25-34,0.0
4127,NC,Obesity,Obesity,E65-E68,35-44,0.0
4128,NC,Obesity,Obesity,E65-E68,45-54,0.0
4129,NC,Obesity,Obesity,E65-E68,55-64,0.0
4130,NC,Obesity,Obesity,E65-E68,65-74,10.0
4131,NC,Obesity,Obesity,E65-E68,75-84,0.0
4132,NC,Obesity,Obesity,E65-E68,85+,0.0
4247,ND,Obesity,Obesity,E65-E68,55-64,0.0
4248,ND,Obesity,Obesity,E65-E68,65-74,0.0
4378,NE,Obesity,Obesity,E65-E68,35-44,0.0
4379,NE,Obesity,Obesity,E65-E68,45-54,0.0
4380,NE,Obesity,Obesity,E65-E68,55-64,0.0
4381,NE,Obesity,Obesity,E65-E68,65-74,0.0
4382,NE,Obesity,Obesity,E65-E68,75-84,0.0
4383,NE,Obesity,Obesity,E65-E68,85+,0.0
4511,NH,Obesity,Obesity,E65-E68,45-54,0.0
4512,NH,Obesity,Obesity,E65-E68,65-74,0.0
4686,NJ,Obesity,Obesity,E65-E68,0-24,0.0
4687,NJ,Obesity,Obesity,E65-E68,25-34,13.0
4688,NJ,Obesity,Obesity,E65-E68,35-44,28.0
4689,NJ,Obesity,Obesity,E65-E68,45-54,43.0
4690,NJ,Obesity,Obesity,E65-E68,55-64,67.0
4691,NJ,Obesity,Obesity,E65-E68,65-74,53.0
4692,NJ,Obesity,Obesity,E65-E68,75-84,29.0
4693,NJ,Obesity,Obesity,E65-E68,85+,10.0
4851,NM,Obesity,Obesity,E65-E68,25-34,0.0
4852,NM,Obesity,Obesity,E65-E68,35-44,0.0
4853,NM,Obesity,Obesity,E65-E68,45-54,0.0
4854,NM,Obesity,Obesity,E65-E68,55-64,0.0
4855,NM,Obesity,Obesity,E65-E68,65-74,0.0
4856,NM,Obesity,Obesity,E65-E68,75-84,0.0
4998,NV,Obesity,Obesity,E65-E68,25-34,0.0
4999,NV,Obesity,Obesity,E65-E68,35-44,0.0
5000,NV,Obesity,Obesity,E65-E68,45-54,0.0
5001,NV,Obesity,Obesity,E65-E68,55-64,0.0
5002,NV,Obesity,Obesity,E65-E68,65-74,0.0
5003,NV,Obesity,Obesity,E65-E68,75-84,0.0
5187,NY,Obesity,Obesity,E65-E68,0-24,0.0
5188,NY,Obesity,Obesity,E65-E68,25-34,0.0
5189,NY,Obesity,Obesity,E65-E68,35-44,23.0
5190,NY,Obesity,Obesity,E65-E68,45-54,41.0
5191,NY,Obesity,Obesity,E65-E68,55-64,41.0
5192,NY,Obesity,Obesity,E65-E68,65-74,35.0
5193,NY,Obesity,Obesity,E65-E68,75-84,23.0
5194,NY,Obesity,Obesity,E65-E68,85+,13.0
5361,OH,Obesity,Obesity,E65-E68,25-34,0.0
5362,OH,Obesity,Obesity,E65-E68,35-44,0.0
5363,OH,Obesity,Obesity,E65-E68,45-54,0.0
5364,OH,Obesity,Obesity,E65-E68,55-64,0.0
5365,OH,Obesity,Obesity,E65-E68,65-74,0.0
5366,OH,Obesity,Obesity,E65-E68,75-84,0.0
5513,OK,Obesity,Obesity,E65-E68,0-24,0.0
5514,OK,Obesity,Obesity,E65-E68,25-34,0.0
5515,OK,Obesity,Obesity,E65-E68,35-44,0.0
5516,OK,Obesity,Obesity,E65-E68,45-54,0.0
5517,OK,Obesity,Obesity,E65-E68,55-64,0.0
5518,OK,Obesity,Obesity,E65-E68,65-74,0.0
5519,OK,Obesity,Obesity,E65-E68,75-84,0.0
5520,OK,Obesity,Obesity,E65-E68,85+,0.0
5655,OR,Obesity,Obesity,E65-E68,25-34,0.0
5656,OR,Obesity,Obesity,E65-E68,45-54,0.0
5657,OR,Obesity,Obesity,E65-E68,55-64,0.0
5658,OR,Obesity,Obesity,E65-E68,65-74,0.0
5659,OR,Obesity,Obesity,E65-E68,75-84,0.0
5826,PA,Obesity,Obesity,E65-E68,0-24,0.0
5827,PA,Obesity,Obesity,E65-E68,25-34,0.0
5828,PA,Obesity,Obesity,E65-E68,35-44,12.0
5829,PA,Obesity,Obesity,E65-E68,45-54,18.0
5830,PA,Obesity,Obesity,E65-E68,55-64,42.0
5831,PA,Obesity,Obesity,E65-E68,65-74,29.0
5832,PA,Obesity,Obesity,E65-E68,75-84,20.0
5833,PA,Obesity,Obesity,E65-E68,85+,12.0
5967,PR,Obesity,Obesity,E65-E68,45-54,0.0
5968,PR,Obesity,Obesity,E65-E68,55-64,0.0
5969,PR,Obesity,Obesity,E65-E68,65-74,0.0
6105,RI,Obesity,Obesity,E65-E68,25-34,0.0
6106,RI,Obesity,Obesity,E65-E68,35-44,0.0
6107,RI,Obesity,Obesity,E65-E68,55-64,0.0
6108,RI,Obesity,Obesity,E65-E68,65-74,0.0
6109,RI,Obesity,Obesity,E65-E68,75-84,0.0
6110,RI,Obesity,Obesity,E65-E68,85+,0.0
6265,SC,Obesity,Obesity,E65-E68,0-24,0.0
6266,SC,Obesity,Obesity,E65-E68,25-34,0.0
6267,SC,Obesity,Obesity,E65-E68,35-44,0.0
6268,SC,Obesity,Obesity,E65-E68,45-54,0.0
6269,SC,Obesity,Obesity,E65-E68,55-64,10.0
6270,SC,Obesity,Obesity,E65-E68,65-74,0.0
6271,SC,Obesity,Obesity,E65-E68,75-84,0.0
6395,SD,Obesity,Obesity,E65-E68,25-34,0.0
6396,SD,Obesity,Obesity,E65-E68,65-74,0.0
6397,SD,Obesity,Obesity,E65-E68,75-84,0.0
6545,TN,Obesity,Obesity,E65-E68,25-34,0.0
6546,TN,Obesity,Obesity,E65-E68,35-44,0.0
6547,TN,Obesity,Obesity,E65-E68,45-54,0.0
6548,TN,Obesity,Obesity,E65-E68,55-64,10.0
6549,TN,Obesity,Obesity,E65-E68,65-74,0.0
6550,TN,Obesity,Obesity,E65-E68,75-84,0.0
6723,TX,Obesity,Obesity,E65-E68,0-24,0.0
6724,TX,Obesity,Obesity,E65-E68,25-34,13.0
6725,TX,Obesity,Obesity,E65-E68,35-44,24.0
6726,TX,Obesity,Obesity,E65-E68,45-54,31.0
6727,TX,Obesity,Obesity,E65-E68,55-64,44.0
6728,TX,Obesity,Obesity,E65-E68,65-74,31.0
6729,TX,Obesity,Obesity,E65-E68,75-84,10.0
6730,TX,Obesity,Obesity,E65-E68,85+,0.0
7094,UT,Obesity,Obesity,E65-E68,0-24,0.0
7095,UT,Obesity,Obesity,E65-E68,25-34,0.0
7096,UT,Obesity,Obesity,E65-E68,35-44,0.0
7097,UT,Obesity,Obesity,E65-E68,45-54,0.0
7098,UT,Obesity,Obesity,E65-E68,55-64,0.0
7099,UT,Obesity,Obesity,E65-E68,65-74,0.0
7100,UT,Obesity,Obesity,E65-E68,75-84,0.0
7248,VA,Obesity,Obesity,E65-E68,35-44,0.0
7249,VA,Obesity,Obesity,E65-E68,45-54,0.0
7250,VA,Obesity,Obesity,E65-E68,55-64,0.0
7251,VA,Obesity,Obesity,E65-E68,65-74,0.0
7252,VA,Obesity,Obesity,E65-E68,75-84,0.0
7355,VT,Obesity,Obesity,E65-E68,35-44,0.0
7356,VT,Obesity,Obesity,E65-E68,55-64,0.0
7357,VT,Obesity,Obesity,E65-E68,65-74,0.0
7358,VT,Obesity,Obesity,E65-E68,75-84,0.0
7505,WA,Obesity,Obesity,E65-E68,25-34,0.0
7506,WA,Obesity,Obesity,E65-E68,35-44,0.0
7507,WA,Obesity,Obesity,E65-E68,45-54,13.0
7508,WA,Obesity,Obesity,E65-E68,55-64,11.0
7509,WA,Obesity,Obesity,E65-E68,65-74,15.0
7510,WA,Obesity,Obesity,E65-E68,75-84,0.0
7511,WA,Obesity,Obesity,E65-E68,85+,0.0
7658,WI,Obesity,Obesity,E65-E68,0-24,0.0
7659,WI,Obesity,Obesity,E65-E68,25-34,0.0
7660,WI,Obesity,Obesity,E65-E68,35-44,0.0
7661,WI,Obesity,Obesity,E65-E68,45-54,19.0
7662,WI,Obesity,Obesity,E65-E68,55-64,21.0
7663,WI,Obesity,Obesity,E65-E68,65-74,19.0
7664,WI,Obesity,Obesity,E65-E68,75-84,0.0
7665,WI,Obesity,Obesity,E65-E68,85+,0.0
7773,WV,Obesity,Obesity,E65-E68,25-34,0.0
7774,WV,Obesity,Obesity,E65-E68,45-54,0.0
7775,WV,Obesity,Obesity,E65-E68,65-74,0.0
7842,WY,Obesity,Obesity,E65-E68,25-34,0.0
7843,WY,Obesity,Obesity,E65-E68,45-54,0.0
