,State,Condition Group,Condition,ICD10_codes,Age Group,Number of COVID-19 Deaths
30,AK,Renal failure,Renal failure,N17-N19,65-74,0.0
31,AK,Renal failure,Renal failure,N17-N19,85+,0.0
181,AL,Renal failure,Renal failure,N17-N19,35-44,0.0
182,AL,Renal failure,Renal failure,N17-N19,45-54,12.0
183,AL,Renal failure,Renal failure,N17-N19,55-64,12.0
184,AL,Renal failure,Renal failure,N17-N19,65-74,32.0
185,AL,Renal failure,Renal failure,N17-N19,75-84,28.0
186,AL,Renal failure,Renal failure,N17-N19,85+,20.0
331,AR,Renal failure,Renal failure,N17-N19,35-44,0.0
332,AR,Renal failure,Renal failure,N17-N19,45-54,0.0
333,AR,Renal failure,Renal failure,N17-N19,55-64,0.0
334,AR,Renal failure,Renal failure,N17-N19,65-74,0.0
335,AR,Renal failure,Renal failure,N17-N19,75-84,0.0
503,AZ,Renal failure,Renal failure,N17-N19,0-24,0.0
504,AZ,Renal failure,Renal failure,N17-N19,25-34,0.0
505,AZ,Renal failure,Renal failure,N17-N19,35-44,0.0
506,AZ,Renal failure,Renal failure,N17-N19,45-54,15.0
507,AZ,Renal failure,Renal failure,N17-N19,55-64,19.0
508,AZ,Renal failure,Renal failure,N17-N19,65-74,46.0
509,AZ,Renal failure,Renal failure,N17-N19,75-84,42.0
510,AZ,Renal failure,Renal failure,N17-N19,85+,46.0
691,CA,Renal failure,Renal failure,N17-N19,0-24,0.0
692,CA,Renal failure,Renal failure,N17-N19,25-34,0.0
693,CA,Renal failure,Renal failure,N17-N19,35-44,21.0
694,CA,Renal failure,Renal failure,N17-N19,45-54,75.0
695,CA,Renal failure,Renal failure,N17-N19,55-64,125.0
696,CA,Renal failure,Renal failure,N17-N19,65-74,167.0
697,CA,Renal failure,Renal failure,N17-N19,75-84,210.0
698,CA,Renal failure,Renal failure,N17-N19,85+,169.0
865,CO,Renal failure,Renal failure,N17-N19,0-24,0.0
866,CO,Renal failure,Renal failure,N17-N19,25-34,0.0
867,CO,Renal failure,Renal failure,N17-N19,35-44,0.0
868,CO,Renal failure,Renal failure,N17-N19,45-54,17.0
869,CO,Renal failure,Renal failure,N17-N19,55-64,16.0
870,CO,Renal failure,Renal failure,N17-N19,65-74,32.0
871,CO,Renal failure,Renal failure,N17-N19,75-84,37.0
872,CO,Renal failure,Renal failure,N17-N19,85+,63.0
1041,CT,Renal failure,Renal failure,N17-N19,0-24,0.0
1042,CT,Renal failure,Renal failure,N17-N19,25-34,0.0
1043,CT,Renal failure,Renal failure,N17-N19,35-44,0.0
1044,CT,Renal failure,Renal failure,N17-N19,45-54,14.0
1045,CT,Renal failure,Renal failure,N17-N19,55-64,32.0
1046,CT,Renal failure,Renal failure,N17-N19,65-74,46.0
1047,CT,Renal failure,Renal failure,N17-N19,75-84,71.0
1048,CT,Renal failure,Renal failure,N17-N19,85+,83.0
1175,DC,Renal failure,Renal failure,N17-N19,45-54,0.0
1176,DC,Renal failure,Renal failure,N17-N19,55-64,0.0
1177,DC,Renal failure,Renal failure,N17-N19,65-74,0.0
1178,DC,Renal failure,Renal failure,N17-N19,75-84,0.0
1179,DC,Renal failure,Renal failure,N17-N19,85+,0.0
1304,DE,Renal failure,Renal failure,N17-N19,25-34,0.0
1305,DE,Renal failure,Renal failure,N17-N19,45-54,0.0
1306,DE,Renal failure,Renal failure,N17-N19,55-64,0.0
1307,DE,Renal failure,Renal failure,N17-N19,65-74,0.0
1308,DE,Renal failure,Renal failure,N17-N19,75-84,0.0
1309,DE,Renal failure,Renal failure,N17-N19,85+,0.0
1471,FL,Renal failure,Renal failure,N17-N19,35-44,0.0
1472,FL,Renal failure,Renal failure,N17-N19,45-54,0.0
1473,FL,Renal failure,Renal failure,N17-N19,55-64,0.0
1474,FL,Renal failure,Renal failure,N17-N19,65-74,13.0
1475,FL,Renal failure,Renal failure,N17-N19,75-84,30.0
1476,FL,Renal failure,Renal failure,N17-N19,85+,28.0
1649,GA,Renal failure,Renal failure,N17-N19,0-24,0.0
1650,GA,Renal failure,Renal failure,N17-N19,25-34,0.0
1651,GA,Renal failure,Renal failure,N17-N19,35-44,0.0
1652,GA,Renal failure,Renal failure,N17-N19,45-54,25.0
1653,GA,Renal failure,Renal failure,N17-N19,55-64,42.0
1654,GA,Renal failure,Renal failure,N17-N19,65-74,62.0
1655,GA,Renal failure,Renal failure,N17-N19,75-84,57.0
1656,GA,Renal failure,Renal failure,N17-N19,85+,41.0
1727,HI,Renal failure,Renal failure,N17-N19,65-74,0.0
1728,HI,Renal failure,Renal failure,N17-N19,75-84,0.0
1870,IA,Renal failure,Renal failure,N17-N19,25-34,0.0
1871,IA,Renal failure,Renal failure,N17-N19,35-44,0.0
1872,IA,Renal failure,Renal failure,N17-N19,45-54,0.0
1873,IA,Renal failure,Renal failure,N17-N19,55-64,0.0
1874,IA,Renal failure,Renal failure,N17-N19,65-74,19.0
1875,IA,Renal failure,Renal failure,N17-N19,75-84,0.0
1876,IA,Renal failure,Renal failure,N17-N19,85+,13.0
1975,ID,Renal failure,Renal failure,N17-N19,55-64,0.0
1976,ID,Renal failure,Renal failure,N17-N19,65-74,0.0
1977,ID,Renal failure,Renal failure,N17-N19,75-84,0.0
1978,ID,Renal failure,Renal failure,N17-N19,85+,0.0
2135,IL,Renal failure,Renal failure,N17-N19,25-34,0.0
2136,IL,Renal failure,Renal failure,N17-N19,35-44,0.0
2137,IL,Renal failure,Renal failure,N17-N19,45-54,12.0
2138,IL,Renal failure,Renal failure,N17-N19,55-64,33.0
2139,IL,Renal failure,Renal failure,N17-N19,65-74,48.0
2140,IL,Renal failure,Renal failure,N17-N19,75-84,72.0
2141,IL,Renal failure,Renal failure,N17-N19,85+,73.0
2309,IN,Renal failure,Renal failure,N17-N19,25-34,0.0
2310,IN,Renal failure,Renal failure,N17-N19,35-44,0.0
2311,IN,Renal failure,Renal failure,N17-N19,45-54,14.0
2312,IN,Renal failure,Renal failure,N17-N19,55-64,29.0
2313,IN,Renal failure,Renal failure,N17-N19,65-74,84.0
2314,IN,Renal failure,Renal failure,N17-N19,75-84,107.0
2315,IN,Renal failure,Renal failure,N17-N19,85+,65.0
2455,KS,Renal failure,Renal failure,N17-N19,35-44,0.0
2456,KS,Renal failure,Renal failure,N17-N19,45-54,0.0
2457,KS,Renal failure,Renal failure,N17-N19,55-64,0.0
2458,KS,Renal failure,Renal failure,N17-N19,65-74,0.0
2459,KS,Renal failure,Renal failure,N17-N19,75-84,0.0
2460,KS,Renal failure,Renal failure,N17-N19,85+,0.0
2597,KY,Renal failure,Renal failure,N17-N19,35-44,0.0
2598,KY,Renal failure,Renal failure,N17-N19,45-54,0.0
2599,KY,Renal failure,Renal failure,N17-N19,55-64,10.0
2600,KY,Renal failure,Renal failure,N17-N19,65-74,15.0
2601,KY,Renal failure,Renal failure,N17-N19,75-84,20.0
2602,KY,Renal failure,Renal failure,N17-N19,85+,37.0
2777,LA,Renal failure,Renal failure,N17-N19,25-34,0.0
2778,LA,Renal failure,Renal failure,N17-N19,35-44,0.0
2779,LA,Renal failure,Renal failure,N17-N19,45-54,23.0
2780,LA,Renal failure,Renal failure,N17-N19,55-64,35.0
2781,LA,Renal failure,Renal failure,N17-N19,65-74,64.0
2782,LA,Renal failure,Renal failure,N17-N19,75-84,70.0
2783,LA,Renal failure,Renal failure,N17-N19,85+,42.0
2957,MA,Renal failure,Renal failure,N17-N19,25-34,0.0
2958,MA,Renal failure,Renal failure,N17-N19,35-44,0.0
2959,MA,Renal failure,Renal failure,N17-N19,45-54,20.0
2960,MA,Renal failure,Renal failure,N17-N19,55-64,55.0
2961,MA,Renal failure,Renal failure,N17-N19,65-74,144.0
2962,MA,Renal failure,Renal failure,N17-N19,75-84,190.0
2963,MA,Renal failure,Renal failure,N17-N19,85+,240.0
3141,MD,Renal failure,Renal failure,N17-N19,25-34,0.0
3142,MD,Renal failure,Renal failure,N17-N19,35-44,10.0
3143,MD,Renal failure,Renal failure,N17-N19,45-54,29.0
3144,MD,Renal failure,Renal failure,N17-N19,55-64,79.0
3145,MD,Renal failure,Renal failure,N17-N19,65-74,98.0
3146,MD,Renal failure,Renal failure,N17-N19,75-84,133.0
3147,MD,Renal failure,Renal failure,N17-N19,85+,79.0
3149,MD,Renal failure,Renal failure,N17-N19,Not stated,0.0
3250,ME,Renal failure,Renal failure,N17-N19,65-74,0.0
3251,ME,Renal failure,Renal failure,N17-N19,85+,0.0
3415,MI,Renal failure,Renal failure,N17-N19,25-34,0.0
3416,MI,Renal failure,Renal failure,N17-N19,35-44,11.0
3417,MI,Renal failure,Renal failure,N17-N19,45-54,36.0
3418,MI,Renal failure,Renal failure,N17-N19,55-64,94.0
3419,MI,Renal failure,Renal failure,N17-N19,65-74,143.0
3420,MI,Renal failure,Renal failure,N17-N19,75-84,144.0
3421,MI,Renal failure,Renal failure,N17-N19,85+,118.0
3574,MN,Renal failure,Renal failure,N17-N19,45-54,0.0
3575,MN,Renal failure,Renal failure,N17-N19,55-64,11.0
3576,MN,Renal failure,Renal failure,N17-N19,65-74,23.0
3577,MN,Renal failure,Renal failure,N17-N19,75-84,18.0
3578,MN,Renal failure,Renal failure,N17-N19,85+,38.0
3725,MO,Renal failure,Renal failure,N17-N19,35-44,0.0
3726,MO,Renal failure,Renal failure,N17-N19,45-54,0.0
3727,MO,Renal failure,Renal failure,N17-N19,55-64,18.0
3728,MO,Renal failure,Renal failure,N17-N19,65-74,36.0
3729,MO,Renal failure,Renal failure,N17-N19,75-84,22.0
3730,MO,Renal failure,Renal failure,N17-N19,85+,35.0
3912,MS,Renal failure,Renal failure,N17-N19,25-34,0.0
3913,MS,Renal failure,Renal failure,N17-N19,35-44,0.0
3914,MS,Renal failure,Renal failure,N17-N19,45-54,0.0
3915,MS,Renal failure,Renal failure,N17-N19,55-64,31.0
3916,MS,Renal failure,Renal failure,N17-N19,65-74,36.0
3917,MS,Renal failure,Renal failure,N17-N19,75-84,30.0
3918,MS,Renal failure,Renal failure,N17-N19,85+,15.0
3993,MT,Renal failure,Renal failure,N17-N19,85+,0.0
4143,NC,Renal failure,Renal failure,N17-N19,25-34,0.0
4144,NC,Renal failure,Renal failure,N17-N19,35-44,0.0
4145,NC,Renal failure,Renal failure,N17-N19,45-54,14.0
4146,NC,Renal failure,Renal failure,N17-N19,55-64,21.0
4147,NC,Renal failure,Renal failure,N17-N19,65-74,27.0
4148,NC,Renal failure,Renal failure,N17-N19,75-84,43.0
4149,NC,Renal failure,Renal failure,N17-N19,85+,32.0
4257,ND,Renal failure,Renal failure,N17-N19,35-44,0.0
4258,ND,Renal failure,Renal failure,N17-N19,65-74,0.0
4259,ND,Renal failure,Renal failure,N17-N19,75-84,0.0
4260,ND,Renal failure,Renal failure,N17-N19,85+,0.0
4395,NE,Renal failure,Renal failure,N17-N19,35-44,0.0
4396,NE,Renal failure,Renal failure,N17-N19,45-54,0.0
4397,NE,Renal failure,Renal failure,N17-N19,55-64,0.0
4398,NE,Renal failure,Renal failure,N17-N19,65-74,0.0
4399,NE,Renal failure,Renal failure,N17-N19,75-84,0.0
4400,NE,Renal failure,Renal failure,N17-N19,85+,0.0
4523,NH,Renal failure,Renal failure,N17-N19,45-54,0.0
4524,NH,Renal failure,Renal failure,N17-N19,55-64,0.0
4525,NH,Renal failure,Renal failure,N17-N19,65-74,0.0
4526,NH,Renal failure,Renal failure,N17-N19,75-84,10.0
4527,NH,Renal failure,Renal failure,N17-N19,85+,0.0
4706,NJ,Renal failure,Renal failure,N17-N19,25-34,12.0
4707,NJ,Renal failure,Renal failure,N17-N19,35-44,23.0
4708,NJ,Renal failure,Renal failure,N17-N19,45-54,79.0
4709,NJ,Renal failure,Renal failure,N17-N19,55-64,153.0
4710,NJ,Renal failure,Renal failure,N17-N19,65-74,309.0
4711,NJ,Renal failure,Renal failure,N17-N19,75-84,334.0
4712,NJ,Renal failure,Renal failure,N17-N19,85+,293.0
4866,NM,Renal failure,Renal failure,N17-N19,0-24,0.0
4867,NM,Renal failure,Renal failure,N17-N19,25-34,0.0
4868,NM,Renal failure,Renal failure,N17-N19,35-44,0.0
4869,NM,Renal failure,Renal failure,N17-N19,45-54,0.0
4870,NM,Renal failure,Renal failure,N17-N19,55-64,0.0
4871,NM,Renal failure,Renal failure,N17-N19,65-74,0.0
4872,NM,Renal failure,Renal failure,N17-N19,75-84,0.0
4873,NM,Renal failure,Renal failure,N17-N19,85+,0.0
5014,NV,Renal failure,Renal failure,N17-N19,35-44,0.0
5015,NV,Renal failure,Renal failure,N17-N19,45-54,0.0
5016,NV,Renal failure,Renal failure,N17-N19,55-64,0.0
5017,NV,Renal failure,Renal failure,N17-N19,65-74,14.0
5018,NV,Renal failure,Renal failure,N17-N19,75-84,10.0
5019,NV,Renal failure,Renal failure,N17-N19,85+,0.0
5207,NY,Renal failure,Renal failure,N17-N19,25-34,0.0
5208,NY,Renal failure,Renal failure,N17-N19,35-44,13.0
5209,NY,Renal failure,Renal failure,N17-N19,45-54,44.0
5210,NY,Renal failure,Renal failure,N17-N19,55-64,113.0
5211,NY,Renal failure,Renal failure,N17-N19,65-74,202.0
5212,NY,Renal failure,Renal failure,N17-N19,75-84,197.0
5213,NY,Renal failure,Renal failure,N17-N19,85+,205.0
5377,OH,Renal failure,Renal failure,N17-N19,35-44,0.0
5378,OH,Renal failure,Renal failure,N17-N19,45-54,0.0
5379,OH,Renal failure,Renal failure,N17-N19,55-64,25.0
5380,OH,Renal failure,Renal failure,N17-N19,65-74,49.0
5381,OH,Renal failure,Renal failure,N17-N19,75-84,49.0
5382,OH,Renal failure,Renal failure,N17-N19,85+,54.0
5531,OK,Renal failure,Renal failure,N17-N19,0-24,0.0
5532,OK,Renal failure,Renal failure,N17-N19,55-64,0.0
5533,OK,Renal failure,Renal failure,N17-N19,65-74,0.0
5534,OK,Renal failure,Renal failure,N17-N19,75-84,12.0
5535,OK,Renal failure,Renal failure,N17-N19,85+,13.0
5669,OR,Renal failure,Renal failure,N17-N19,55-64,0.0
5670,OR,Renal failure,Renal failure,N17-N19,65-74,10.0
5671,OR,Renal failure,Renal failure,N17-N19,75-84,0.0
5672,OR,Renal failure,Renal failure,N17-N19,85+,0.0
5845,PA,Renal failure,Renal failure,N17-N19,35-44,0.0
5846,PA,Renal failure,Renal failure,N17-N19,45-54,14.0
5847,PA,Renal failure,Renal failure,N17-N19,55-64,54.0
5848,PA,Renal failure,Renal failure,N17-N19,65-74,125.0
5849,PA,Renal failure,Renal failure,N17-N19,75-84,135.0
5850,PA,Renal failure,Renal failure,N17-N19,85+,197.0
5977,PR,Renal failure,Renal failure,N17-N19,45-54,0.0
5978,PR,Renal failure,Renal failure,N17-N19,55-64,0.0
5979,PR,Renal failure,Renal failure,N17-N19,65-74,0.0
5980,PR,Renal failure,Renal failure,N17-N19,75-84,0.0
5981,PR,Renal failure,Renal failure,N17-N19,85+,0.0
6121,RI,Renal failure,Renal failure,N17-N19,35-44,0.0
6122,RI,Renal failure,Renal failure,N17-N19,45-54,0.0
6123,RI,Renal failure,Renal failure,N17-N19,55-64,0.0
6124,RI,Renal failure,Renal failure,N17-N19,65-74,16.0
6125,RI,Renal failure,Renal failure,N17-N19,75-84,20.0
6126,RI,Renal failure,Renal failure,N17-N19,85+,47.0
6281,SC,Renal failure,Renal failure,N17-N19,45-54,0.0
6282,SC,Renal failure,Renal failure,N17-N19,55-64,22.0
6283,SC,Renal failure,Renal failure,N17-N19,65-74,59.0
6284,SC,Renal failure,Renal failure,N17-N19,75-84,44.0
6285,SC,Renal failure,Renal failure,N17-N19,85+,25.0
6406,SD,Renal failure,Renal failure,N17-N19,25-34,0.0
6407,SD,Renal failure,Renal failure,N17-N19,45-54,0.0
6408,SD,Renal failure,Renal failure,N17-N19,55-64,0.0
6409,SD,Renal failure,Renal failure,N17-N19,65-74,0.0
6410,SD,Renal failure,Renal failure,N17-N19,85+,0.0
6561,TN,Renal failure,Renal failure,N17-N19,35-44,0.0
6562,TN,Renal failure,Renal failure,N17-N19,45-54,0.0
6563,TN,Renal failure,Renal failure,N17-N19,55-64,0.0
6564,TN,Renal failure,Renal failure,N17-N19,65-74,19.0
6565,TN,Renal failure,Renal failure,N17-N19,75-84,25.0
6566,TN,Renal failure,Renal failure,N17-N19,85+,0.0
6741,TX,Renal failure,Renal failure,N17-N19,0-24,0.0
6742,TX,Renal failure,Renal failure,N17-N19,25-34,0.0
6743,TX,Renal failure,Renal failure,N17-N19,35-44,22.0
6744,TX,Renal failure,Renal failure,N17-N19,45-54,39.0
6745,TX,Renal failure,Renal failure,N17-N19,55-64,94.0
6746,TX,Renal failure,Renal failure,N17-N19,65-74,132.0
6747,TX,Renal failure,Renal failure,N17-N19,75-84,101.0
6748,TX,Renal failure,Renal failure,N17-N19,85+,78.0
7110,UT,Renal failure,Renal failure,N17-N19,55-64,0.0
7111,UT,Renal failure,Renal failure,N17-N19,65-74,0.0
7112,UT,Renal failure,Renal failure,N17-N19,75-84,0.0
7113,UT,Renal failure,Renal failure,N17-N19,85+,0.0
7263,VA,Renal failure,Renal failure,N17-N19,25-34,0.0
7264,VA,Renal failure,Renal failure,N17-N19,35-44,0.0
7265,VA,Renal failure,Renal failure,N17-N19,45-54,0.0
7266,VA,Renal failure,Renal failure,N17-N19,55-64,27.0
7267,VA,Renal failure,Renal failure,N17-N19,65-74,32.0
7268,VA,Renal failure,Renal failure,N17-N19,75-84,35.0
7269,VA,Renal failure,Renal failure,N17-N19,85+,52.0
7367,VT,Renal failure,Renal failure,N17-N19,35-44,0.0
7368,VT,Renal failure,Renal failure,N17-N19,65-74,0.0
7369,VT,Renal failure,Renal failure,N17-N19,75-84,0.0
7370,VT,Renal failure,Renal failure,N17-N19,85+,0.0
7523,WA,Renal failure,Renal failure,N17-N19,35-44,0.0
7524,WA,Renal failure,Renal failure,N17-N19,45-54,0.0
7525,WA,Renal failure,Renal failure,N17-N19,55-64,11.0
7526,WA,Renal failure,Renal failure,N17-N19,65-74,38.0
7527,WA,Renal failure,Renal failure,N17-N19,75-84,41.0
7528,WA,Renal failure,Renal failure,N17-N19,85+,35.0
7676,WI,Renal failure,Renal failure,N17-N19,0-24,0.0
7677,WI,Renal failure,Renal failure,N17-N19,45-54,0.0
7678,WI,Renal failure,Renal failure,N17-N19,55-64,0.0
7679,WI,Renal failure,Renal failure,N17-N19,65-74,14.0
7680,WI,Renal failure,Renal failure,N17-N19,75-84,12.0
7681,WI,Renal failure,Renal failure,N17-N19,85+,15.0
7785,WV,Renal failure,Renal failure,N17-N19,25-34,0.0
7786,WV,Renal failure,Renal failure,N17-N19,55-64,0.0
7787,WV,Renal failure,Renal failure,N17-N19,65-74,0.0
7788,WV,Renal failure,Renal failure,N17-N19,75-84,0.0
7789,WV,Renal failure,Renal failure,N17-N19,85+,0.0
