,State,Condition Group,Condition,ICD10_codes,Age Group,Number of COVID-19 Deaths
22,AK,Sepsis,Sepsis,A40-A41,45-54,0.0
23,AK,Sepsis,Sepsis,A40-A41,75-84,0.0
144,AL,Sepsis,Sepsis,A40-A41,25-34,0.0
145,AL,Sepsis,Sepsis,A40-A41,35-44,0.0
146,AL,Sepsis,Sepsis,A40-A41,45-54,19.0
147,AL,Sepsis,Sepsis,A40-A41,55-64,18.0
148,AL,Sepsis,Sepsis,A40-A41,65-74,46.0
149,AL,Sepsis,Sepsis,A40-A41,75-84,37.0
150,AL,Sepsis,Sepsis,A40-A41,85+,18.0
295,AR,Sepsis,Sepsis,A40-A41,35-44,0.0
296,AR,Sepsis,Sepsis,A40-A41,45-54,0.0
297,AR,Sepsis,Sepsis,A40-A41,55-64,0.0
298,AR,Sepsis,Sepsis,A40-A41,65-74,0.0
299,AR,Sepsis,Sepsis,A40-A41,75-84,0.0
300,AR,Sepsis,Sepsis,A40-A41,85+,0.0
463,AZ,Sepsis,Sepsis,A40-A41,0-24,0.0
464,AZ,Sepsis,Sepsis,A40-A41,25-34,0.0
465,AZ,Sepsis,Sepsis,A40-A41,35-44,0.0
466,AZ,Sepsis,Sepsis,A40-A41,45-54,0.0
467,AZ,Sepsis,Sepsis,A40-A41,55-64,32.0
468,AZ,Sepsis,Sepsis,A40-A41,65-74,35.0
469,AZ,Sepsis,Sepsis,A40-A41,75-84,24.0
470,AZ,Sepsis,Sepsis,A40-A41,85+,20.0
645,CA,Sepsis,Sepsis,A40-A41,0-24,0.0
646,CA,Sepsis,Sepsis,A40-A41,25-34,12.0
647,CA,Sepsis,Sepsis,A40-A41,35-44,26.0
648,CA,Sepsis,Sepsis,A40-A41,45-54,78.0
649,CA,Sepsis,Sepsis,A40-A41,55-64,178.0
650,CA,Sepsis,Sepsis,A40-A41,65-74,248.0
651,CA,Sepsis,Sepsis,A40-A41,75-84,216.0
652,CA,Sepsis,Sepsis,A40-A41,85+,223.0
824,CO,Sepsis,Sepsis,A40-A41,0-24,0.0
825,CO,Sepsis,Sepsis,A40-A41,25-34,0.0
826,CO,Sepsis,Sepsis,A40-A41,35-44,0.0
827,CO,Sepsis,Sepsis,A40-A41,45-54,11.0
828,CO,Sepsis,Sepsis,A40-A41,55-64,23.0
829,CO,Sepsis,Sepsis,A40-A41,65-74,23.0
830,CO,Sepsis,Sepsis,A40-A41,75-84,36.0
831,CO,Sepsis,Sepsis,A40-A41,85+,32.0
999,CT,Sepsis,Sepsis,A40-A41,25-34,0.0
1000,CT,Sepsis,Sepsis,A40-A41,45-54,11.0
1001,CT,Sepsis,Sepsis,A40-A41,55-64,46.0
1002,CT,Sepsis,Sepsis,A40-A41,65-74,65.0
1003,CT,Sepsis,Sepsis,A40-A41,75-84,56.0
1004,CT,Sepsis,Sepsis,A40-A41,85+,61.0
1142,DC,Sepsis,Sepsis,A40-A41,65-74,0.0
1143,DC,Sepsis,Sepsis,A40-A41,75-84,0.0
1279,DE,Sepsis,Sepsis,A40-A41,0-24,0.0
1280,DE,Sepsis,Sepsis,A40-A41,45-54,0.0
1281,DE,Sepsis,Sepsis,A40-A41,55-64,0.0
1282,DE,Sepsis,Sepsis,A40-A41,65-74,11.0
1283,DE,Sepsis,Sepsis,A40-A41,75-84,0.0
1428,FL,Sepsis,Sepsis,A40-A41,35-44,0.0
1429,FL,Sepsis,Sepsis,A40-A41,45-54,0.0
1430,FL,Sepsis,Sepsis,A40-A41,55-64,0.0
1431,FL,Sepsis,Sepsis,A40-A41,65-74,12.0
1432,FL,Sepsis,Sepsis,A40-A41,75-84,17.0
1433,FL,Sepsis,Sepsis,A40-A41,85+,18.0
1607,GA,Sepsis,Sepsis,A40-A41,0-24,0.0
1608,GA,Sepsis,Sepsis,A40-A41,25-34,0.0
1609,GA,Sepsis,Sepsis,A40-A41,35-44,0.0
1610,GA,Sepsis,Sepsis,A40-A41,45-54,34.0
1611,GA,Sepsis,Sepsis,A40-A41,55-64,66.0
1612,GA,Sepsis,Sepsis,A40-A41,65-74,116.0
1613,GA,Sepsis,Sepsis,A40-A41,75-84,107.0
1614,GA,Sepsis,Sepsis,A40-A41,85+,56.0
1717,HI,Sepsis,Sepsis,A40-A41,45-54,0.0
1718,HI,Sepsis,Sepsis,A40-A41,65-74,0.0
1831,IA,Sepsis,Sepsis,A40-A41,0-24,0.0
1832,IA,Sepsis,Sepsis,A40-A41,25-34,0.0
1833,IA,Sepsis,Sepsis,A40-A41,35-44,0.0
1834,IA,Sepsis,Sepsis,A40-A41,45-54,0.0
1835,IA,Sepsis,Sepsis,A40-A41,55-64,13.0
1836,IA,Sepsis,Sepsis,A40-A41,65-74,11.0
1837,IA,Sepsis,Sepsis,A40-A41,75-84,0.0
1838,IA,Sepsis,Sepsis,A40-A41,85+,10.0
1954,ID,Sepsis,Sepsis,A40-A41,65-74,0.0
2091,IL,Sepsis,Sepsis,A40-A41,25-34,0.0
2092,IL,Sepsis,Sepsis,A40-A41,35-44,14.0
2093,IL,Sepsis,Sepsis,A40-A41,45-54,22.0
2094,IL,Sepsis,Sepsis,A40-A41,55-64,53.0
2095,IL,Sepsis,Sepsis,A40-A41,65-74,79.0
2096,IL,Sepsis,Sepsis,A40-A41,75-84,105.0
2097,IL,Sepsis,Sepsis,A40-A41,85+,92.0
2267,IN,Sepsis,Sepsis,A40-A41,35-44,0.0
2268,IN,Sepsis,Sepsis,A40-A41,45-54,11.0
2269,IN,Sepsis,Sepsis,A40-A41,55-64,46.0
2270,IN,Sepsis,Sepsis,A40-A41,65-74,85.0
2271,IN,Sepsis,Sepsis,A40-A41,75-84,86.0
2272,IN,Sepsis,Sepsis,A40-A41,85+,57.0
2423,KS,Sepsis,Sepsis,A40-A41,45-54,0.0
2424,KS,Sepsis,Sepsis,A40-A41,55-64,0.0
2425,KS,Sepsis,Sepsis,A40-A41,65-74,0.0
2426,KS,Sepsis,Sepsis,A40-A41,75-84,0.0
2427,KS,Sepsis,Sepsis,A40-A41,85+,0.0
2563,KY,Sepsis,Sepsis,A40-A41,35-44,0.0
2564,KY,Sepsis,Sepsis,A40-A41,45-54,0.0
2565,KY,Sepsis,Sepsis,A40-A41,55-64,18.0
2566,KY,Sepsis,Sepsis,A40-A41,65-74,48.0
2567,KY,Sepsis,Sepsis,A40-A41,75-84,30.0
2568,KY,Sepsis,Sepsis,A40-A41,85+,25.0
2732,LA,Sepsis,Sepsis,A40-A41,0-24,0.0
2733,LA,Sepsis,Sepsis,A40-A41,25-34,0.0
2734,LA,Sepsis,Sepsis,A40-A41,35-44,0.0
2735,LA,Sepsis,Sepsis,A40-A41,45-54,17.0
2736,LA,Sepsis,Sepsis,A40-A41,55-64,41.0
2737,LA,Sepsis,Sepsis,A40-A41,65-74,60.0
2738,LA,Sepsis,Sepsis,A40-A41,75-84,80.0
2739,LA,Sepsis,Sepsis,A40-A41,85+,49.0
2915,MA,Sepsis,Sepsis,A40-A41,25-34,0.0
2916,MA,Sepsis,Sepsis,A40-A41,35-44,0.0
2917,MA,Sepsis,Sepsis,A40-A41,45-54,16.0
2918,MA,Sepsis,Sepsis,A40-A41,55-64,66.0
2919,MA,Sepsis,Sepsis,A40-A41,65-74,107.0
2920,MA,Sepsis,Sepsis,A40-A41,75-84,161.0
2921,MA,Sepsis,Sepsis,A40-A41,85+,150.0
3098,MD,Sepsis,Sepsis,A40-A41,25-34,0.0
3099,MD,Sepsis,Sepsis,A40-A41,35-44,11.0
3100,MD,Sepsis,Sepsis,A40-A41,45-54,20.0
3101,MD,Sepsis,Sepsis,A40-A41,55-64,64.0
3102,MD,Sepsis,Sepsis,A40-A41,65-74,85.0
3103,MD,Sepsis,Sepsis,A40-A41,75-84,76.0
3104,MD,Sepsis,Sepsis,A40-A41,85+,71.0
3235,ME,Sepsis,Sepsis,A40-A41,75-84,0.0
3373,MI,Sepsis,Sepsis,A40-A41,25-34,0.0
3374,MI,Sepsis,Sepsis,A40-A41,35-44,0.0
3375,MI,Sepsis,Sepsis,A40-A41,45-54,54.0
3376,MI,Sepsis,Sepsis,A40-A41,55-64,130.0
3377,MI,Sepsis,Sepsis,A40-A41,65-74,189.0
3378,MI,Sepsis,Sepsis,A40-A41,75-84,169.0
3379,MI,Sepsis,Sepsis,A40-A41,85+,139.0
3536,MN,Sepsis,Sepsis,A40-A41,45-54,0.0
3537,MN,Sepsis,Sepsis,A40-A41,55-64,11.0
3538,MN,Sepsis,Sepsis,A40-A41,65-74,17.0
3539,MN,Sepsis,Sepsis,A40-A41,75-84,17.0
3540,MN,Sepsis,Sepsis,A40-A41,85+,15.0
3689,MO,Sepsis,Sepsis,A40-A41,0-24,0.0
3690,MO,Sepsis,Sepsis,A40-A41,35-44,0.0
3691,MO,Sepsis,Sepsis,A40-A41,45-54,0.0
3692,MO,Sepsis,Sepsis,A40-A41,55-64,21.0
3693,MO,Sepsis,Sepsis,A40-A41,65-74,44.0
3694,MO,Sepsis,Sepsis,A40-A41,75-84,33.0
3695,MO,Sepsis,Sepsis,A40-A41,85+,30.0
3872,MS,Sepsis,Sepsis,A40-A41,0-24,0.0
3873,MS,Sepsis,Sepsis,A40-A41,45-54,0.0
3874,MS,Sepsis,Sepsis,A40-A41,55-64,21.0
3875,MS,Sepsis,Sepsis,A40-A41,65-74,19.0
3876,MS,Sepsis,Sepsis,A40-A41,75-84,25.0
3877,MS,Sepsis,Sepsis,A40-A41,85+,0.0
3980,MT,Sepsis,Sepsis,A40-A41,25-34,0.0
3981,MT,Sepsis,Sepsis,A40-A41,65-74,0.0
3982,MT,Sepsis,Sepsis,A40-A41,75-84,0.0
4104,NC,Sepsis,Sepsis,A40-A41,25-34,0.0
4105,NC,Sepsis,Sepsis,A40-A41,35-44,0.0
4106,NC,Sepsis,Sepsis,A40-A41,45-54,15.0
4107,NC,Sepsis,Sepsis,A40-A41,55-64,20.0
4108,NC,Sepsis,Sepsis,A40-A41,65-74,31.0
4109,NC,Sepsis,Sepsis,A40-A41,75-84,20.0
4110,NC,Sepsis,Sepsis,A40-A41,85+,25.0
4233,ND,Sepsis,Sepsis,A40-A41,35-44,0.0
4234,ND,Sepsis,Sepsis,A40-A41,55-64,0.0
4235,ND,Sepsis,Sepsis,A40-A41,65-74,0.0
4236,ND,Sepsis,Sepsis,A40-A41,85+,0.0
4357,NE,Sepsis,Sepsis,A40-A41,25-34,0.0
4358,NE,Sepsis,Sepsis,A40-A41,45-54,0.0
4359,NE,Sepsis,Sepsis,A40-A41,55-64,0.0
4360,NE,Sepsis,Sepsis,A40-A41,65-74,0.0
4361,NE,Sepsis,Sepsis,A40-A41,75-84,0.0
4362,NE,Sepsis,Sepsis,A40-A41,85+,0.0
4496,NH,Sepsis,Sepsis,A40-A41,45-54,0.0
4497,NH,Sepsis,Sepsis,A40-A41,55-64,0.0
4498,NH,Sepsis,Sepsis,A40-A41,65-74,0.0
4499,NH,Sepsis,Sepsis,A40-A41,75-84,0.0
4500,NH,Sepsis,Sepsis,A40-A41,85+,0.0
4659,NJ,Sepsis,Sepsis,A40-A41,0-24,0.0
4660,NJ,Sepsis,Sepsis,A40-A41,25-34,0.0
4661,NJ,Sepsis,Sepsis,A40-A41,35-44,36.0
4662,NJ,Sepsis,Sepsis,A40-A41,45-54,80.0
4663,NJ,Sepsis,Sepsis,A40-A41,55-64,230.0
4664,NJ,Sepsis,Sepsis,A40-A41,65-74,322.0
4665,NJ,Sepsis,Sepsis,A40-A41,75-84,304.0
4666,NJ,Sepsis,Sepsis,A40-A41,85+,264.0
4829,NM,Sepsis,Sepsis,A40-A41,0-24,0.0
4830,NM,Sepsis,Sepsis,A40-A41,25-34,0.0
4831,NM,Sepsis,Sepsis,A40-A41,35-44,0.0
4832,NM,Sepsis,Sepsis,A40-A41,45-54,0.0
4833,NM,Sepsis,Sepsis,A40-A41,55-64,0.0
4834,NM,Sepsis,Sepsis,A40-A41,65-74,0.0
4835,NM,Sepsis,Sepsis,A40-A41,75-84,0.0
4836,NM,Sepsis,Sepsis,A40-A41,85+,0.0
4978,NV,Sepsis,Sepsis,A40-A41,25-34,0.0
4979,NV,Sepsis,Sepsis,A40-A41,35-44,0.0
4980,NV,Sepsis,Sepsis,A40-A41,45-54,0.0
4981,NV,Sepsis,Sepsis,A40-A41,55-64,15.0
4982,NV,Sepsis,Sepsis,A40-A41,65-74,35.0
4983,NV,Sepsis,Sepsis,A40-A41,75-84,24.0
4984,NV,Sepsis,Sepsis,A40-A41,85+,0.0
5160,NY,Sepsis,Sepsis,A40-A41,25-34,13.0
5161,NY,Sepsis,Sepsis,A40-A41,35-44,19.0
5162,NY,Sepsis,Sepsis,A40-A41,45-54,37.0
5163,NY,Sepsis,Sepsis,A40-A41,55-64,104.0
5164,NY,Sepsis,Sepsis,A40-A41,65-74,183.0
5165,NY,Sepsis,Sepsis,A40-A41,75-84,172.0
5166,NY,Sepsis,Sepsis,A40-A41,85+,166.0
5339,OH,Sepsis,Sepsis,A40-A41,35-44,0.0
5340,OH,Sepsis,Sepsis,A40-A41,45-54,13.0
5341,OH,Sepsis,Sepsis,A40-A41,55-64,36.0
5342,OH,Sepsis,Sepsis,A40-A41,65-74,67.0
5343,OH,Sepsis,Sepsis,A40-A41,75-84,60.0
5344,OH,Sepsis,Sepsis,A40-A41,85+,48.0
5492,OK,Sepsis,Sepsis,A40-A41,0-24,0.0
5493,OK,Sepsis,Sepsis,A40-A41,25-34,0.0
5494,OK,Sepsis,Sepsis,A40-A41,45-54,0.0
5495,OK,Sepsis,Sepsis,A40-A41,55-64,14.0
5496,OK,Sepsis,Sepsis,A40-A41,65-74,10.0
5497,OK,Sepsis,Sepsis,A40-A41,75-84,16.0
5498,OK,Sepsis,Sepsis,A40-A41,85+,11.0
5637,OR,Sepsis,Sepsis,A40-A41,45-54,0.0
5638,OR,Sepsis,Sepsis,A40-A41,55-64,0.0
5639,OR,Sepsis,Sepsis,A40-A41,65-74,0.0
5640,OR,Sepsis,Sepsis,A40-A41,75-84,0.0
5641,OR,Sepsis,Sepsis,A40-A41,85+,0.0
5799,PA,Sepsis,Sepsis,A40-A41,0-24,0.0
5800,PA,Sepsis,Sepsis,A40-A41,25-34,0.0
5801,PA,Sepsis,Sepsis,A40-A41,35-44,0.0
5802,PA,Sepsis,Sepsis,A40-A41,45-54,28.0
5803,PA,Sepsis,Sepsis,A40-A41,55-64,68.0
5804,PA,Sepsis,Sepsis,A40-A41,65-74,119.0
5805,PA,Sepsis,Sepsis,A40-A41,75-84,121.0
5806,PA,Sepsis,Sepsis,A40-A41,85+,126.0
5948,PR,Sepsis,Sepsis,A40-A41,25-34,0.0
5949,PR,Sepsis,Sepsis,A40-A41,35-44,0.0
5950,PR,Sepsis,Sepsis,A40-A41,45-54,0.0
5951,PR,Sepsis,Sepsis,A40-A41,55-64,0.0
5952,PR,Sepsis,Sepsis,A40-A41,65-74,10.0
5953,PR,Sepsis,Sepsis,A40-A41,75-84,17.0
5954,PR,Sepsis,Sepsis,A40-A41,85+,15.0
6085,RI,Sepsis,Sepsis,A40-A41,45-54,0.0
6086,RI,Sepsis,Sepsis,A40-A41,55-64,11.0
6087,RI,Sepsis,Sepsis,A40-A41,65-74,15.0
6088,RI,Sepsis,Sepsis,A40-A41,75-84,0.0
6089,RI,Sepsis,Sepsis,A40-A41,85+,14.0
6244,SC,Sepsis,Sepsis,A40-A41,25-34,0.0
6245,SC,Sepsis,Sepsis,A40-A41,35-44,0.0
6246,SC,Sepsis,Sepsis,A40-A41,45-54,11.0
6247,SC,Sepsis,Sepsis,A40-A41,55-64,18.0
6248,SC,Sepsis,Sepsis,A40-A41,65-74,55.0
6249,SC,Sepsis,Sepsis,A40-A41,75-84,49.0
6250,SC,Sepsis,Sepsis,A40-A41,85+,19.0
6380,SD,Sepsis,Sepsis,A40-A41,25-34,0.0
6381,SD,Sepsis,Sepsis,A40-A41,45-54,0.0
6382,SD,Sepsis,Sepsis,A40-A41,55-64,0.0
6383,SD,Sepsis,Sepsis,A40-A41,65-74,0.0
6384,SD,Sepsis,Sepsis,A40-A41,75-84,0.0
6523,TN,Sepsis,Sepsis,A40-A41,0-24,0.0
6524,TN,Sepsis,Sepsis,A40-A41,35-44,0.0
6525,TN,Sepsis,Sepsis,A40-A41,45-54,0.0
6526,TN,Sepsis,Sepsis,A40-A41,55-64,14.0
6527,TN,Sepsis,Sepsis,A40-A41,65-74,26.0
6528,TN,Sepsis,Sepsis,A40-A41,75-84,22.0
6529,TN,Sepsis,Sepsis,A40-A41,85+,0.0
6698,TX,Sepsis,Sepsis,A40-A41,0-24,0.0
6699,TX,Sepsis,Sepsis,A40-A41,25-34,0.0
6700,TX,Sepsis,Sepsis,A40-A41,35-44,14.0
6701,TX,Sepsis,Sepsis,A40-A41,45-54,36.0
6702,TX,Sepsis,Sepsis,A40-A41,55-64,79.0
6703,TX,Sepsis,Sepsis,A40-A41,65-74,125.0
6704,TX,Sepsis,Sepsis,A40-A41,75-84,106.0
6705,TX,Sepsis,Sepsis,A40-A41,85+,79.0
7074,UT,Sepsis,Sepsis,A40-A41,0-24,0.0
7075,UT,Sepsis,Sepsis,A40-A41,45-54,0.0
7076,UT,Sepsis,Sepsis,A40-A41,55-64,0.0
7077,UT,Sepsis,Sepsis,A40-A41,65-74,0.0
7078,UT,Sepsis,Sepsis,A40-A41,75-84,0.0
7079,UT,Sepsis,Sepsis,A40-A41,85+,0.0
7224,VA,Sepsis,Sepsis,A40-A41,0-24,0.0
7225,VA,Sepsis,Sepsis,A40-A41,25-34,0.0
7226,VA,Sepsis,Sepsis,A40-A41,35-44,0.0
7227,VA,Sepsis,Sepsis,A40-A41,45-54,10.0
7228,VA,Sepsis,Sepsis,A40-A41,55-64,36.0
7229,VA,Sepsis,Sepsis,A40-A41,65-74,38.0
7230,VA,Sepsis,Sepsis,A40-A41,75-84,42.0
7231,VA,Sepsis,Sepsis,A40-A41,85+,31.0
7345,VT,Sepsis,Sepsis,A40-A41,45-54,0.0
7346,VT,Sepsis,Sepsis,A40-A41,75-84,0.0
7482,WA,Sepsis,Sepsis,A40-A41,25-34,0.0
7483,WA,Sepsis,Sepsis,A40-A41,35-44,0.0
7484,WA,Sepsis,Sepsis,A40-A41,45-54,0.0
7485,WA,Sepsis,Sepsis,A40-A41,55-64,11.0
7486,WA,Sepsis,Sepsis,A40-A41,65-74,29.0
7487,WA,Sepsis,Sepsis,A40-A41,75-84,31.0
7488,WA,Sepsis,Sepsis,A40-A41,85+,30.0
7636,WI,Sepsis,Sepsis,A40-A41,55-64,0.0
7637,WI,Sepsis,Sepsis,A40-A41,65-74,11.0
7638,WI,Sepsis,Sepsis,A40-A41,75-84,0.0
7639,WI,Sepsis,Sepsis,A40-A41,85+,0.0
7759,WV,Sepsis,Sepsis,A40-A41,55-64,0.0
7760,WV,Sepsis,Sepsis,A40-A41,65-74,0.0
7761,WV,Sepsis,Sepsis,A40-A41,75-84,0.0
7762,WV,Sepsis,Sepsis,A40-A41,85+,0.0
