,State,Condition Group,Condition,ICD10_codes,Age Group,Number of COVID-19 Deaths
177,AL,Vascular and unspecified dementia,Vascular and unspecified dementia,"F01, F03",65-74,12.0
178,AL,Vascular and unspecified dementia,Vascular and unspecified dementia,"F01, F03",75-84,37.0
179,AL,Vascular and unspecified dementia,Vascular and unspecified dementia,"F01, F03",85+,56.0
327,AR,Vascular and unspecified dementia,Vascular and unspecified dementia,"F01, F03",65-74,0.0
328,AR,Vascular and unspecified dementia,Vascular and unspecified dementia,"F01, F03",75-84,0.0
329,AR,Vascular and unspecified dementia,Vascular and unspecified dementia,"F01, F03",85+,15.0
498,AZ,Vascular and unspecified dementia,Vascular and unspecified dementia,"F01, F03",55-64,0.0
499,AZ,Vascular and unspecified dementia,Vascular and unspecified dementia,"F01, F03",65-74,16.0
500,AZ,Vascular and unspecified dementia,Vascular and unspecified dementia,"F01, F03",75-84,47.0
501,AZ,Vascular and unspecified dementia,Vascular and unspecified dementia,"F01, F03",85+,82.0
685,CA,Vascular and unspecified dementia,Vascular and unspecified dementia,"F01, F03",45-54,0.0
686,CA,Vascular and unspecified dementia,Vascular and unspecified dementia,"F01, F03",55-64,0.0
687,CA,Vascular and unspecified dementia,Vascular and unspecified dementia,"F01, F03",65-74,40.0
688,CA,Vascular and unspecified dementia,Vascular and unspecified dementia,"F01, F03",75-84,139.0
689,CA,Vascular and unspecified dementia,Vascular and unspecified dementia,"F01, F03",85+,306.0
860,CO,Vascular and unspecified dementia,Vascular and unspecified dementia,"F01, F03",55-64,0.0
861,CO,Vascular and unspecified dementia,Vascular and unspecified dementia,"F01, F03",65-74,34.0
862,CO,Vascular and unspecified dementia,Vascular and unspecified dementia,"F01, F03",75-84,82.0
863,CO,Vascular and unspecified dementia,Vascular and unspecified dementia,"F01, F03",85+,175.0
1036,CT,Vascular and unspecified dementia,Vascular and unspecified dementia,"F01, F03",55-64,11.0
1037,CT,Vascular and unspecified dementia,Vascular and unspecified dementia,"F01, F03",65-74,55.0
1038,CT,Vascular and unspecified dementia,Vascular and unspecified dementia,"F01, F03",75-84,167.0
1039,CT,Vascular and unspecified dementia,Vascular and unspecified dementia,"F01, F03",85+,383.0
1170,DC,Vascular and unspecified dementia,Vascular and unspecified dementia,"F01, F03",55-64,0.0
1171,DC,Vascular and unspecified dementia,Vascular and unspecified dementia,"F01, F03",65-74,12.0
1172,DC,Vascular and unspecified dementia,Vascular and unspecified dementia,"F01, F03",75-84,20.0
1173,DC,Vascular and unspecified dementia,Vascular and unspecified dementia,"F01, F03",85+,30.0
1299,DE,Vascular and unspecified dementia,Vascular and unspecified dementia,"F01, F03",55-64,0.0
1300,DE,Vascular and unspecified dementia,Vascular and unspecified dementia,"F01, F03",65-74,0.0
1301,DE,Vascular and unspecified dementia,Vascular and unspecified dementia,"F01, F03",75-84,0.0
1302,DE,Vascular and unspecified dementia,Vascular and unspecified dementia,"F01, F03",85+,12.0
1465,FL,Vascular and unspecified dementia,Vascular and unspecified dementia,"F01, F03",45-54,0.0
1466,FL,Vascular and unspecified dementia,Vascular and unspecified dementia,"F01, F03",55-64,0.0
1467,FL,Vascular and unspecified dementia,Vascular and unspecified dementia,"F01, F03",65-74,72.0
1468,FL,Vascular and unspecified dementia,Vascular and unspecified dementia,"F01, F03",75-84,202.0
1469,FL,Vascular and unspecified dementia,Vascular and unspecified dementia,"F01, F03",85+,463.0
1643,GA,Vascular and unspecified dementia,Vascular and unspecified dementia,"F01, F03",45-54,0.0
1644,GA,Vascular and unspecified dementia,Vascular and unspecified dementia,"F01, F03",55-64,0.0
1645,GA,Vascular and unspecified dementia,Vascular and unspecified dementia,"F01, F03",65-74,25.0
1646,GA,Vascular and unspecified dementia,Vascular and unspecified dementia,"F01, F03",75-84,83.0
1647,GA,Vascular and unspecified dementia,Vascular and unspecified dementia,"F01, F03",85+,103.0
1725,HI,Vascular and unspecified dementia,Vascular and unspecified dementia,"F01, F03",85+,0.0
1866,IA,Vascular and unspecified dementia,Vascular and unspecified dementia,"F01, F03",65-74,13.0
1867,IA,Vascular and unspecified dementia,Vascular and unspecified dementia,"F01, F03",75-84,31.0
1868,IA,Vascular and unspecified dementia,Vascular and unspecified dementia,"F01, F03",85+,58.0
1971,ID,Vascular and unspecified dementia,Vascular and unspecified dementia,"F01, F03",65-74,0.0
1972,ID,Vascular and unspecified dementia,Vascular and unspecified dementia,"F01, F03",75-84,0.0
1973,ID,Vascular and unspecified dementia,Vascular and unspecified dementia,"F01, F03",85+,0.0
2129,IL,Vascular and unspecified dementia,Vascular and unspecified dementia,"F01, F03",45-54,0.0
2130,IL,Vascular and unspecified dementia,Vascular and unspecified dementia,"F01, F03",55-64,0.0
2131,IL,Vascular and unspecified dementia,Vascular and unspecified dementia,"F01, F03",65-74,87.0
2132,IL,Vascular and unspecified dementia,Vascular and unspecified dementia,"F01, F03",75-84,189.0
2133,IL,Vascular and unspecified dementia,Vascular and unspecified dementia,"F01, F03",85+,379.0
2303,IN,Vascular and unspecified dementia,Vascular and unspecified dementia,"F01, F03",45-54,0.0
2304,IN,Vascular and unspecified dementia,Vascular and unspecified dementia,"F01, F03",55-64,0.0
2305,IN,Vascular and unspecified dementia,Vascular and unspecified dementia,"F01, F03",65-74,39.0
2306,IN,Vascular and unspecified dementia,Vascular and unspecified dementia,"F01, F03",75-84,139.0
2307,IN,Vascular and unspecified dementia,Vascular and unspecified dementia,"F01, F03",85+,224.0
2452,KS,Vascular and unspecified dementia,Vascular and unspecified dementia,"F01, F03",75-84,11.0
2453,KS,Vascular and unspecified dementia,Vascular and unspecified dementia,"F01, F03",85+,12.0
2593,KY,Vascular and unspecified dementia,Vascular and unspecified dementia,"F01, F03",65-74,0.0
2594,KY,Vascular and unspecified dementia,Vascular and unspecified dementia,"F01, F03",75-84,25.0
2595,KY,Vascular and unspecified dementia,Vascular and unspecified dementia,"F01, F03",85+,58.0
2772,LA,Vascular and unspecified dementia,Vascular and unspecified dementia,"F01, F03",55-64,0.0
2773,LA,Vascular and unspecified dementia,Vascular and unspecified dementia,"F01, F03",65-74,24.0
2774,LA,Vascular and unspecified dementia,Vascular and unspecified dementia,"F01, F03",75-84,68.0
2775,LA,Vascular and unspecified dementia,Vascular and unspecified dementia,"F01, F03",85+,92.0
2951,MA,Vascular and unspecified dementia,Vascular and unspecified dementia,"F01, F03",45-54,0.0
2952,MA,Vascular and unspecified dementia,Vascular and unspecified dementia,"F01, F03",55-64,20.0
2953,MA,Vascular and unspecified dementia,Vascular and unspecified dementia,"F01, F03",65-74,104.0
2954,MA,Vascular and unspecified dementia,Vascular and unspecified dementia,"F01, F03",75-84,359.0
2955,MA,Vascular and unspecified dementia,Vascular and unspecified dementia,"F01, F03",85+,998.0
3135,MD,Vascular and unspecified dementia,Vascular and unspecified dementia,"F01, F03",45-54,0.0
3136,MD,Vascular and unspecified dementia,Vascular and unspecified dementia,"F01, F03",55-64,13.0
3137,MD,Vascular and unspecified dementia,Vascular and unspecified dementia,"F01, F03",65-74,65.0
3138,MD,Vascular and unspecified dementia,Vascular and unspecified dementia,"F01, F03",75-84,196.0
3139,MD,Vascular and unspecified dementia,Vascular and unspecified dementia,"F01, F03",85+,414.0
3246,ME,Vascular and unspecified dementia,Vascular and unspecified dementia,"F01, F03",65-74,0.0
3247,ME,Vascular and unspecified dementia,Vascular and unspecified dementia,"F01, F03",75-84,0.0
3248,ME,Vascular and unspecified dementia,Vascular and unspecified dementia,"F01, F03",85+,0.0
3410,MI,Vascular and unspecified dementia,Vascular and unspecified dementia,"F01, F03",55-64,13.0
3411,MI,Vascular and unspecified dementia,Vascular and unspecified dementia,"F01, F03",65-74,51.0
3412,MI,Vascular and unspecified dementia,Vascular and unspecified dementia,"F01, F03",75-84,134.0
3413,MI,Vascular and unspecified dementia,Vascular and unspecified dementia,"F01, F03",85+,293.0
3569,MN,Vascular and unspecified dementia,Vascular and unspecified dementia,"F01, F03",55-64,0.0
3570,MN,Vascular and unspecified dementia,Vascular and unspecified dementia,"F01, F03",65-74,43.0
3571,MN,Vascular and unspecified dementia,Vascular and unspecified dementia,"F01, F03",75-84,125.0
3572,MN,Vascular and unspecified dementia,Vascular and unspecified dementia,"F01, F03",85+,228.0
3720,MO,Vascular and unspecified dementia,Vascular and unspecified dementia,"F01, F03",55-64,0.0
3721,MO,Vascular and unspecified dementia,Vascular and unspecified dementia,"F01, F03",65-74,0.0
3722,MO,Vascular and unspecified dementia,Vascular and unspecified dementia,"F01, F03",75-84,26.0
3723,MO,Vascular and unspecified dementia,Vascular and unspecified dementia,"F01, F03",85+,62.0
3906,MS,Vascular and unspecified dementia,Vascular and unspecified dementia,"F01, F03",45-54,0.0
3907,MS,Vascular and unspecified dementia,Vascular and unspecified dementia,"F01, F03",55-64,0.0
3908,MS,Vascular and unspecified dementia,Vascular and unspecified dementia,"F01, F03",65-74,0.0
3909,MS,Vascular and unspecified dementia,Vascular and unspecified dementia,"F01, F03",75-84,37.0
3910,MS,Vascular and unspecified dementia,Vascular and unspecified dementia,"F01, F03",85+,34.0
4138,NC,Vascular and unspecified dementia,Vascular and unspecified dementia,"F01, F03",55-64,0.0
4139,NC,Vascular and unspecified dementia,Vascular and unspecified dementia,"F01, F03",65-74,17.0
4140,NC,Vascular and unspecified dementia,Vascular and unspecified dementia,"F01, F03",75-84,52.0
4141,NC,Vascular and unspecified dementia,Vascular and unspecified dementia,"F01, F03",85+,94.0
4253,ND,Vascular and unspecified dementia,Vascular and unspecified dementia,"F01, F03",65-74,0.0
4254,ND,Vascular and unspecified dementia,Vascular and unspecified dementia,"F01, F03",75-84,0.0
4255,ND,Vascular and unspecified dementia,Vascular and unspecified dementia,"F01, F03",85+,14.0
4390,NE,Vascular and unspecified dementia,Vascular and unspecified dementia,"F01, F03",55-64,0.0
4391,NE,Vascular and unspecified dementia,Vascular and unspecified dementia,"F01, F03",65-74,0.0
4392,NE,Vascular and unspecified dementia,Vascular and unspecified dementia,"F01, F03",75-84,12.0
4393,NE,Vascular and unspecified dementia,Vascular and unspecified dementia,"F01, F03",85+,15.0
4518,NH,Vascular and unspecified dementia,Vascular and unspecified dementia,"F01, F03",55-64,0.0
4519,NH,Vascular and unspecified dementia,Vascular and unspecified dementia,"F01, F03",65-74,0.0
4520,NH,Vascular and unspecified dementia,Vascular and unspecified dementia,"F01, F03",75-84,18.0
4521,NH,Vascular and unspecified dementia,Vascular and unspecified dementia,"F01, F03",85+,38.0
4700,NJ,Vascular and unspecified dementia,Vascular and unspecified dementia,"F01, F03",45-54,0.0
4701,NJ,Vascular and unspecified dementia,Vascular and unspecified dementia,"F01, F03",55-64,21.0
4702,NJ,Vascular and unspecified dementia,Vascular and unspecified dementia,"F01, F03",65-74,102.0
4703,NJ,Vascular and unspecified dementia,Vascular and unspecified dementia,"F01, F03",75-84,341.0
4704,NJ,Vascular and unspecified dementia,Vascular and unspecified dementia,"F01, F03",85+,802.0
4862,NM,Vascular and unspecified dementia,Vascular and unspecified dementia,"F01, F03",65-74,0.0
4863,NM,Vascular and unspecified dementia,Vascular and unspecified dementia,"F01, F03",75-84,11.0
4864,NM,Vascular and unspecified dementia,Vascular and unspecified dementia,"F01, F03",85+,37.0
5010,NV,Vascular and unspecified dementia,Vascular and unspecified dementia,"F01, F03",65-74,0.0
5011,NV,Vascular and unspecified dementia,Vascular and unspecified dementia,"F01, F03",75-84,13.0
5012,NV,Vascular and unspecified dementia,Vascular and unspecified dementia,"F01, F03",85+,12.0
5201,NY,Vascular and unspecified dementia,Vascular and unspecified dementia,"F01, F03",45-54,0.0
5202,NY,Vascular and unspecified dementia,Vascular and unspecified dementia,"F01, F03",55-64,0.0
5203,NY,Vascular and unspecified dementia,Vascular and unspecified dementia,"F01, F03",65-74,81.0
5204,NY,Vascular and unspecified dementia,Vascular and unspecified dementia,"F01, F03",75-84,288.0
5205,NY,Vascular and unspecified dementia,Vascular and unspecified dementia,"F01, F03",85+,696.0
5372,OH,Vascular and unspecified dementia,Vascular and unspecified dementia,"F01, F03",55-64,0.0
5373,OH,Vascular and unspecified dementia,Vascular and unspecified dementia,"F01, F03",65-74,30.0
5374,OH,Vascular and unspecified dementia,Vascular and unspecified dementia,"F01, F03",75-84,112.0
5375,OH,Vascular and unspecified dementia,Vascular and unspecified dementia,"F01, F03",85+,189.0
5526,OK,Vascular and unspecified dementia,Vascular and unspecified dementia,"F01, F03",55-64,0.0
5527,OK,Vascular and unspecified dementia,Vascular and unspecified dementia,"F01, F03",65-74,0.0
5528,OK,Vascular and unspecified dementia,Vascular and unspecified dementia,"F01, F03",75-84,16.0
5529,OK,Vascular and unspecified dementia,Vascular and unspecified dementia,"F01, F03",85+,28.0
5664,OR,Vascular and unspecified dementia,Vascular and unspecified dementia,"F01, F03",55-64,0.0
5665,OR,Vascular and unspecified dementia,Vascular and unspecified dementia,"F01, F03",65-74,0.0
5666,OR,Vascular and unspecified dementia,Vascular and unspecified dementia,"F01, F03",75-84,12.0
5667,OR,Vascular and unspecified dementia,Vascular and unspecified dementia,"F01, F03",85+,14.0
5840,PA,Vascular and unspecified dementia,Vascular and unspecified dementia,"F01, F03",55-64,22.0
5841,PA,Vascular and unspecified dementia,Vascular and unspecified dementia,"F01, F03",65-74,102.0
5842,PA,Vascular and unspecified dementia,Vascular and unspecified dementia,"F01, F03",75-84,316.0
5843,PA,Vascular and unspecified dementia,Vascular and unspecified dementia,"F01, F03",85+,732.0
5974,PR,Vascular and unspecified dementia,Vascular and unspecified dementia,"F01, F03",75-84,0.0
5975,PR,Vascular and unspecified dementia,Vascular and unspecified dementia,"F01, F03",85+,0.0
6117,RI,Vascular and unspecified dementia,Vascular and unspecified dementia,"F01, F03",65-74,16.0
6118,RI,Vascular and unspecified dementia,Vascular and unspecified dementia,"F01, F03",75-84,34.0
6119,RI,Vascular and unspecified dementia,Vascular and unspecified dementia,"F01, F03",85+,110.0
6276,SC,Vascular and unspecified dementia,Vascular and unspecified dementia,"F01, F03",55-64,0.0
6277,SC,Vascular and unspecified dementia,Vascular and unspecified dementia,"F01, F03",65-74,12.0
6278,SC,Vascular and unspecified dementia,Vascular and unspecified dementia,"F01, F03",75-84,38.0
6279,SC,Vascular and unspecified dementia,Vascular and unspecified dementia,"F01, F03",85+,53.0
6402,SD,Vascular and unspecified dementia,Vascular and unspecified dementia,"F01, F03",55-64,0.0
6403,SD,Vascular and unspecified dementia,Vascular and unspecified dementia,"F01, F03",75-84,0.0
6404,SD,Vascular and unspecified dementia,Vascular and unspecified dementia,"F01, F03",85+,10.0
6556,TN,Vascular and unspecified dementia,Vascular and unspecified dementia,"F01, F03",55-64,0.0
6557,TN,Vascular and unspecified dementia,Vascular and unspecified dementia,"F01, F03",65-74,0.0
6558,TN,Vascular and unspecified dementia,Vascular and unspecified dementia,"F01, F03",75-84,35.0
6559,TN,Vascular and unspecified dementia,Vascular and unspecified dementia,"F01, F03",85+,31.0
6736,TX,Vascular and unspecified dementia,Vascular and unspecified dementia,"F01, F03",55-64,0.0
6737,TX,Vascular and unspecified dementia,Vascular and unspecified dementia,"F01, F03",65-74,25.0
6738,TX,Vascular and unspecified dementia,Vascular and unspecified dementia,"F01, F03",75-84,85.0
6739,TX,Vascular and unspecified dementia,Vascular and unspecified dementia,"F01, F03",85+,137.0
7106,UT,Vascular and unspecified dementia,Vascular and unspecified dementia,"F01, F03",65-74,0.0
7107,UT,Vascular and unspecified dementia,Vascular and unspecified dementia,"F01, F03",75-84,0.0
7108,UT,Vascular and unspecified dementia,Vascular and unspecified dementia,"F01, F03",85+,0.0
7258,VA,Vascular and unspecified dementia,Vascular and unspecified dementia,"F01, F03",55-64,0.0
7259,VA,Vascular and unspecified dementia,Vascular and unspecified dementia,"F01, F03",65-74,18.0
7260,VA,Vascular and unspecified dementia,Vascular and unspecified dementia,"F01, F03",75-84,81.0
7261,VA,Vascular and unspecified dementia,Vascular and unspecified dementia,"F01, F03",85+,147.0
7363,VT,Vascular and unspecified dementia,Vascular and unspecified dementia,"F01, F03",65-74,0.0
7364,VT,Vascular and unspecified dementia,Vascular and unspecified dementia,"F01, F03",75-84,0.0
7365,VT,Vascular and unspecified dementia,Vascular and unspecified dementia,"F01, F03",85+,0.0
7518,WA,Vascular and unspecified dementia,Vascular and unspecified dementia,"F01, F03",55-64,0.0
7519,WA,Vascular and unspecified dementia,Vascular and unspecified dementia,"F01, F03",65-74,12.0
7520,WA,Vascular and unspecified dementia,Vascular and unspecified dementia,"F01, F03",75-84,46.0
7521,WA,Vascular and unspecified dementia,Vascular and unspecified dementia,"F01, F03",85+,67.0
7671,WI,Vascular and unspecified dementia,Vascular and unspecified dementia,"F01, F03",55-64,0.0
7672,WI,Vascular and unspecified dementia,Vascular and unspecified dementia,"F01, F03",65-74,0.0
7673,WI,Vascular and unspecified dementia,Vascular and unspecified dementia,"F01, F03",75-84,35.0
7674,WI,Vascular and unspecified dementia,Vascular and unspecified dementia,"F01, F03",85+,74.0
7781,WV,Vascular and unspecified dementia,Vascular and unspecified dementia,"F01, F03",65-74,0.0
7782,WV,Vascular and unspecified dementia,Vascular and unspecified dementia,"F01, F03",75-84,0.0
7783,WV,Vascular and unspecified dementia,Vascular and unspecified dementia,"F01, F03",85+,0.0
